Workbook

Sheet Sheet1
B2: NORTHERN HEMISPHERE COMMAND
B3: Field terminal — offline clearance check.
B6: Flag
B8: STATUS | C8: =IF(Sheet3!$BX$2=1,"● ACCESS GRANTED","● ACCESS DENIED") -> ● ACCESS DENIED

Sheet Sheet2
A1: k1 | B1: k2 | C1: k3 | D1: k4 | F1: k5 | H1: k6
A2: 0 | B2: 3614090360 | C2: 7 | D2: 0 | F2: 214 | H2: =LEFT(Sheet1!$C$6&REPT("?",30),30) -> ??????????????????????????????
A3: 1 | B3: 3905402710 | C3: 12 | D3: 1 | F3: 149
A4: 2 | B4: 606105819 | C4: 17 | D4: 2 | F4: 200
A5: 3 | B5: 3250441966 | C5: 22 | D5: 3 | F5: 192
A6: 4 | B6: 4118548399 | C6: 7 | D6: 4 | F6: 250
A7: 5 | B7: 1200080426 | C7: 12 | D7: 5 | F7: 214
A8: 6 | B8: 2821735955 | C8: 17 | D8: 6 | F8: 203
A9: 7 | B9: 4249261313 | C9: 22 | D9: 7 | F9: 150
A10: 8 | B10: 1770035416 | C10: 7 | D10: 8 | F10: 145
A11: 9 | B11: 2336552879 | C11: 12 | D11: 9 | F11: 206
A12: 10 | B12: 4294925233 | C12: 17 | D12: 10 | F12: 220
A13: 11 | B13: 2304563134 | C13: 22 | D13: 11 | F13: 250
A14: 12 | B14: 1804603682 | C14: 7 | D14: 12 | F14: 214
... A17: 15 | B17: 1236535329 | C17: 22 | D17: 15 | F17: 209
A18: 16 | B18: 4129170786 | C18: 5 | D18: 1
A19: 17 | B19: 3225465664 | C19: 9 | D19: 6
A20: 18 | B20: 643717713 | C20: 14 | D20: 11
A21: 19 | B21: 3921069994 | C21: 20 | D21: 0
A22: 20 | B22: 3593408605 | C22: 5 | D22: 5
A23: 21 | B23: 38016083 | C23: 9 | D23: 10
A24: 22 | B24: 3634488961 | C24: 14 | D24: 15
A25: 23 | B25: 3889429448 | C25: 20 | D25: 4
A26: 24 | B26: 568446438 | C26: 5 | D26: 9
A27: 25 | B27: 3275163606 | C27: 9 | D27: 14
A28: 26 | B28: 4107603335 | C28: 14 | D28: 3
A29: 27 | B29: 1163531501 | C29: 20 | D29: 8
... A65: 63 | B65: 3951481745 | C65: 21 | D65: 9

Sheet Sheet3
A1: c1 | B1: c2 | C1: c3 | D1: c4 | E1: c5 | F1: c6 | G1: c7 | H1: c8 | I1: c9 | J1: c10 | K1: c11 | L1: c12 | M1: c13 | N1: c14 | O1: c15 | P1: c16 | Q1: c17 | R1: c18 | S1: c19 | T1: c20 | U1: c21 | V1: c22 | W1: c23 | X1: c24 | Y1: c25 | Z1: c26 | AA1: c27 | AB1: c28 | AC1: c29 | AD1: c30 | AE1: c31 | AF1: c32 | AG1: c33 | AH1: c34 | AI1: c35 | AJ1: c36 | AK1: c37 | AL1: c38 | AM1: c39 | AN1: c40 | AO1: c41 | AP1: c42 | AQ1: c43 | AR1: c44 | AS1: c45 | AT1: c46 | AU1: c47 | AV1: c48 | AW1: c49 | AX1: c50 | AY1: c51 | AZ1: c52 | BA1: c53 | BB1: c54 | BC1: c55 | BD1: c56 | BE1: c57 | BF1: c58 | BG1: c59 | BH1: c60 | BI1: c61 | BJ1: c62 | BK1: c63 | BL1: c64 | BM1: c65 | BN1: c66 | BO1: c67 | BP1: c68 | BQ1: c69 | BR1: c70 | BS1: c71 | BT1: c72 | BU1: c73 | BV1: c74 | BW1: c75 | BX1: c76
A2: 1 | B2: =COUNT(Sheet2!$F$2:$F$17)+COUNT($C2:$E2) -> 19 | C2: =CODE(MID(Sheet2!$H$2,$A2,1)) -> 63 | D2: =CODE(MID(Sheet2!$H$2,$A2+10,1)) -> 63 | E2: =CODE(MID(Sheet2!$H$2,$A2+20,1)) -> 63 | F2: 128 | G2: 0 | H2: 0 | I2: 0 | J2: 0 | K2: 0 | L2: 0 | M2: 0 | N2: 0 | O2: 0 | P2: 0 | Q2: 0 | R2: 0 | S2: 0 | T2: 0 | U2: 0 | V2: 0 | W2: 0 | X2: 0 | Y2: 0 | Z2: 0 | AA2: 0 | AB2: 0 | AC2: 0 | AD2: 0 | AE2: 0 | AF2: 0 | AG2: 0 | AH2: 0 | AI2: 0 | AJ2: 0 | AK2: 0 | AL2: 0 | AM2: 0 | AN2: 0 | AO2: 0 | AP2: 0 | AQ2: =MOD(INT($B2*8/256^0),256) -> 152 | AR2: =MOD(INT($B2*8/256^1),256) -> 0 | AS2: =MOD(INT($B2*8/256^2),256) -> 0 | AT2: =MOD(INT($B2*8/256^3),256) -> 0 | AU2: =MOD(INT($B2*8/256^4),256) -> 0 | AV2: =MOD(INT($B2*8/256^5),256) -> 0 | AW2: =MOD(INT($B2*8/256^6),256) -> 0 | AX2: =MOD(INT($B2*8/256^7),256) -> 0 | AY2: =_xlfn.BITXOR(Sheet2!$F$2,165)+_xlfn.BITXOR(Sheet2!$F$3,165)*256+_xlfn.BITXOR(Sheet2!$F$4,165)*65536+_xlfn.BITXOR(Sheet2!$F$5,165)*16777216 -> 1701654643 | AZ2: =_xlfn.BITXOR(Sheet2!$F$6,165)+_xlfn.BITXOR(Sheet2!$F$7,165)*256+_xlfn.BITXOR(Sheet2!$F$8,165)*65536+_xlfn.BITXOR(Sheet2!$F$9,165)*16777216 -> 862876511 | BA2: =_xlfn.BITXOR(Sheet2!$F$10,165)+_xlfn.BITXOR(Sheet2!$F$11,165)*256+_xlfn.BITXOR(Sheet2!$F$12,165)*65536+_xlfn.BITXOR(Sheet2!$F$13,165)*16777216 -> 1601792820 | BB2: =_xlfn.BITXOR(Sheet2!$F$14,165)+_xlfn.BITXOR(Sheet2!$F$15,165)*256+_xlfn.BITXOR(Sheet2!$F$16,165)*65536+_xlfn.BITXOR(Sheet2!$F$17,165)*16777216 -> 1953248371 | BC2: =C2+D2*256+E2*65536+F2*16777216 -> 2151628607 | BD2: =G2+H2*256+I2*65536+J2*16777216 -> 0 | BE2: =K2+L2*256+M2*65536+N2*16777216 -> 0 | BF2: =O2+P2*256+Q2*65536+R2*16777216 -> 0 | BG2: =S2+T2*256+U2*65536+V2*16777216 -> 0 | BH2: =W2+X2*256+Y2*65536+Z2*16777216 -> 0 | BI2: =AA2+AB2*256+AC2*65536+AD2*16777216 -> 0 | BJ2: =AE2+AF2*256+AG2*65536+AH2*16777216 -> 0 | BK2: =AI2+AJ2*256+AK2*65536+AL2*16777216 -> 0 | BL2: =AM2+AN2*256+AO2*65536+AP2*16777216 -> 0 | BM2: =AQ2+AR2*256+AS2*65536+AT2*16777216 -> 152 | BN2: =AU2+AV2*256+AW2*65536+AX2*16777216 -> 0 | BO2: =MOD(1732584193+Sheet4!$J$66,4294967296) -> 2864597674 | BP2: =MOD(4023233417+Sheet4!$K$66,4294967296) -> 3283020593 | BQ2: =MOD(2562383102+Sheet4!$L$66,4294967296) -> 3317144422 | BR2: =MOD(271733878+Sheet4!$M$66,4294967296) -> 2031522474 | BS2: 4072117587 | BT2: 1120387196 | BU2: 2102578019 | BV2: 85756587 | BW2: =IF(AND(BO2=BS2,BP2=BT2,BQ2=BU2,BR2=BV2),1,0) -> 0 | BX2: =IF(AND(LEN(Sheet1!$C$6)=30,SUM($BW$2:$BW$11)=10),1,0) -> 0
A3: 2 | B3: =COUNT(Sheet2!$F$2:$F$17)+COUNT($C3:$E3) -> 19 | C3: =CODE(MID(Sheet2!$H$2,$A3,1)) -> 63 | D3: =CODE(MID(Sheet2!$H$2,$A3+10,1)) -> 63 | E3: =CODE(MID(Sheet2!$H$2,$A3+20,1)) -> 63 | F3: 128 | G3: 0 | H3: 0 | I3: 0 | J3: 0 | K3: 0 | L3: 0 | M3: 0 | N3: 0 | O3: 0 | P3: 0 | Q3: 0 | R3: 0 | S3: 0 | T3: 0 | U3: 0 | V3: 0 | W3: 0 | X3: 0 | Y3: 0 | Z3: 0 | AA3: 0 | AB3: 0 | AC3: 0 | AD3: 0 | AE3: 0 | AF3: 0 | AG3: 0 | AH3: 0 | AI3: 0 | AJ3: 0 | AK3: 0 | AL3: 0 | AM3: 0 | AN3: 0 | AO3: 0 | AP3: 0 | AQ3: =MOD(INT($B3*8/256^0),256) -> 152 | AR3: =MOD(INT($B3*8/256^1),256) -> 0 | AS3: =MOD(INT($B3*8/256^2),256) -> 0 | AT3: =MOD(INT($B3*8/256^3),256) -> 0 | AU3: =MOD(INT($B3*8/256^4),256) -> 0 | AV3: =MOD(INT($B3*8/256^5),256) -> 0 | AW3: =MOD(INT($B3*8/256^6),256) -> 0 | AX3: =MOD(INT($B3*8/256^7),256) -> 0 | AY3: =_xlfn.BITXOR(Sheet2!$F$2,165)+_xlfn.BITXOR(Sheet2!$F$3,165)*256+_xlfn.BITXOR(Sheet2!$F$4,165)*65536+_xlfn.BITXOR(Sheet2!$F$5,165)*16777216 -> 1701654643 | AZ3: =_xlfn.BITXOR(Sheet2!$F$6,165)+_xlfn.BITXOR(Sheet2!$F$7,165)*256+_xlfn.BITXOR(Sheet2!$F$8,165)*65536+_xlfn.BITXOR(Sheet2!$F$9,165)*16777216 -> 862876511 | BA3: =_xlfn.BITXOR(Sheet2!$F$10,165)+_xlfn.BITXOR(Sheet2!$F$11,165)*256+_xlfn.BITXOR(Sheet2!$F$12,165)*65536+_xlfn.BITXOR(Sheet2!$F$13,165)*16777216 -> 1601792820 | BB3: =_xlfn.BITXOR(Sheet2!$F$14,165)+_xlfn.BITXOR(Sheet2!$F$15,165)*256+_xlfn.BITXOR(Sheet2!$F$16,165)*65536+_xlfn.BITXOR(Sheet2!$F$17,165)*16777216 -> 1953248371 | BC3: =C3+D3*256+E3*65536+F3*16777216 -> 2151628607 | BD3: =G3+H3*256+I3*65536+J3*16777216 -> 0 | BE3: =K3+L3*256+M3*65536+N3*16777216 -> 0 | BF3: =O3+P3*256+Q3*65536+R3*16777216 -> 0 | BG3: =S3+T3*256+U3*65536+V3*16777216 -> 0 | BH3: =W3+X3*256+Y3*65536+Z3*16777216 -> 0 | BI3: =AA3+AB3*256+AC3*65536+AD3*16777216 -> 0 | BJ3: =AE3+AF3*256+AG3*65536+AH3*16777216 -> 0 | BK3: =AI3+AJ3*256+AK3*65536+AL3*16777216 -> 0 | BL3: =AM3+AN3*256+AO3*65536+AP3*16777216 -> 0 | BM3: =AQ3+AR3*256+AS3*65536+AT3*16777216 -> 152 | BN3: =AU3+AV3*256+AW3*65536+AX3*16777216 -> 0 | BO3: =MOD(1732584193+Sheet4!$J$131,4294967296) -> 2864597674 | BP3: =MOD(4023233417+Sheet4!$K$131,4294967296) -> 3283020593 | BQ3: =MOD(2562383102+Sheet4!$L$131,4294967296) -> 3317144422 | BR3: =MOD(271733878+Sheet4!$M$131,4294967296) -> 2031522474 | BS3: 3002749583 | BT3: 3716679707 | BU3: 3074522701 | BV3: 1912839214 | BW3: =IF(AND(BO3=BS3,BP3=BT3,BQ3=BU3,BR3=BV3),1,0) -> 0
A4: 3 | B4: =COUNT(Sheet2!$F$2:$F$17)+COUNT($C4:$E4) -> 19 | C4: =CODE(MID(Sheet2!$H$2,$A4,1)) -> 63 | D4: =CODE(MID(Sheet2!$H$2,$A4+10,1)) -> 63 | E4: =CODE(MID(Sheet2!$H$2,$A4+20,1)) -> 63 | F4: 128 | G4: 0 | H4: 0 | I4: 0 | J4: 0 | K4: 0 | L4: 0 | M4: 0 | N4: 0 | O4: 0 | P4: 0 | Q4: 0 | R4: 0 | S4: 0 | T4: 0 | U4: 0 | V4: 0 | W4: 0 | X4: 0 | Y4: 0 | Z4: 0 | AA4: 0 | AB4: 0 | AC4: 0 | AD4: 0 | AE4: 0 | AF4: 0 | AG4: 0 | AH4: 0 | AI4: 0 | AJ4: 0 | AK4: 0 | AL4: 0 | AM4: 0 | AN4: 0 | AO4: 0 | AP4: 0 | AQ4: =MOD(INT($B4*8/256^0),256) -> 152 | AR4: =MOD(INT($B4*8/256^1),256) -> 0 | AS4: =MOD(INT($B4*8/256^2),256) -> 0 | AT4: =MOD(INT($B4*8/256^3),256) -> 0 | AU4: =MOD(INT($B4*8/256^4),256) -> 0 | AV4: =MOD(INT($B4*8/256^5),256) -> 0 | AW4: =MOD(INT($B4*8/256^6),256) -> 0 | AX4: =MOD(INT($B4*8/256^7),256) -> 0 | AY4: =_xlfn.BITXOR(Sheet2!$F$2,165)+_xlfn.BITXOR(Sheet2!$F$3,165)*256+_xlfn.BITXOR(Sheet2!$F$4,165)*65536+_xlfn.BITXOR(Sheet2!$F$5,165)*16777216 -> 1701654643 | AZ4: =_xlfn.BITXOR(Sheet2!$F$6,165)+_xlfn.BITXOR(Sheet2!$F$7,165)*256+_xlfn.BITXOR(Sheet2!$F$8,165)*65536+_xlfn.BITXOR(Sheet2!$F$9,165)*16777216 -> 862876511 | BA4: =_xlfn.BITXOR(Sheet2!$F$10,165)+_xlfn.BITXOR(Sheet2!$F$11,165)*256+_xlfn.BITXOR(Sheet2!$F$12,165)*65536+_xlfn.BITXOR(Sheet2!$F$13,165)*16777216 -> 1601792820 | BB4: =_xlfn.BITXOR(Sheet2!$F$14,165)+_xlfn.BITXOR(Sheet2!$F$15,165)*256+_xlfn.BITXOR(Sheet2!$F$16,165)*65536+_xlfn.BITXOR(Sheet2!$F$17,165)*16777216 -> 1953248371 | BC4: =C4+D4*256+E4*65536+F4*16777216 -> 2151628607 | BD4: =G4+H4*256+I4*65536+J4*16777216 -> 0 | BE4: =K4+L4*256+M4*65536+N4*16777216 -> 0 | BF4: =O4+P4*256+Q4*65536+R4*16777216 -> 0 | BG4: =S4+T4*256+U4*65536+V4*16777216 -> 0 | BH4: =W4+X4*256+Y4*65536+Z4*16777216 -> 0 | BI4: =AA4+AB4*256+AC4*65536+AD4*16777216 -> 0 | BJ4: =AE4+AF4*256+AG4*65536+AH4*16777216 -> 0 | BK4: =AI4+AJ4*256+AK4*65536+AL4*16777216 -> 0 | BL4: =AM4+AN4*256+AO4*65536+AP4*16777216 -> 0 | BM4: =AQ4+AR4*256+AS4*65536+AT4*16777216 -> 152 | BN4: =AU4+AV4*256+AW4*65536+AX4*16777216 -> 0 | BO4: =MOD(1732584193+Sheet4!$J$196,4294967296) -> 2864597674 | BP4: =MOD(4023233417+Sheet4!$K$196,4294967296) -> 3283020593 | BQ4: =MOD(2562383102+Sheet4!$L$196,4294967296) -> 3317144422 | BR4: =MOD(271733878+Sheet4!$M$196,4294967296) -> 2031522474 | BS4: 1202946202 | BT4: 3060285146 | BU4: 3794539838 | BV4: 3225098655 | BW4: =IF(AND(BO4=BS4,BP4=BT4,BQ4=BU4,BR4=BV4),1,0) -> 0
A5: 4 | B5: =COUNT(Sheet2!$F$2:$F$17)+COUNT($C5:$E5) -> 19 | C5: =CODE(MID(Sheet2!$H$2,$A5,1)) -> 63 | D5: =CODE(MID(Sheet2!$H$2,$A5+10,1)) -> 63 | E5: =CODE(MID(Sheet2!$H$2,$A5+20,1)) -> 63 | F5: 128 | G5: 0 | H5: 0 | I5: 0 | J5: 0 | K5: 0 | L5: 0 | M5: 0 | N5: 0 | O5: 0 | P5: 0 | Q5: 0 | R5: 0 | S5: 0 | T5: 0 | U5: 0 | V5: 0 | W5: 0 | X5: 0 | Y5: 0 | Z5: 0 | AA5: 0 | AB5: 0 | AC5: 0 | AD5: 0 | AE5: 0 | AF5: 0 | AG5: 0 | AH5: 0 | AI5: 0 | AJ5: 0 | AK5: 0 | AL5: 0 | AM5: 0 | AN5: 0 | AO5: 0 | AP5: 0 | AQ5: =MOD(INT($B5*8/256^0),256) -> 152 | AR5: =MOD(INT($B5*8/256^1),256) -> 0 | AS5: =MOD(INT($B5*8/256^2),256) -> 0 | AT5: =MOD(INT($B5*8/256^3),256) -> 0 | AU5: =MOD(INT($B5*8/256^4),256) -> 0 | AV5: =MOD(INT($B5*8/256^5),256) -> 0 | AW5: =MOD(INT($B5*8/256^6),256) -> 0 | AX5: =MOD(INT($B5*8/256^7),256) -> 0 | AY5: =_xlfn.BITXOR(Sheet2!$F$2,165)+_xlfn.BITXOR(Sheet2!$F$3,165)*256+_xlfn.BITXOR(Sheet2!$F$4,165)*65536+_xlfn.BITXOR(Sheet2!$F$5,165)*16777216 -> 1701654643 | AZ5: =_xlfn.BITXOR(Sheet2!$F$6,165)+_xlfn.BITXOR(Sheet2!$F$7,165)*256+_xlfn.BITXOR(Sheet2!$F$8,165)*65536+_xlfn.BITXOR(Sheet2!$F$9,165)*16777216 -> 862876511 | BA5: =_xlfn.BITXOR(Sheet2!$F$10,165)+_xlfn.BITXOR(Sheet2!$F$11,165)*256+_xlfn.BITXOR(Sheet2!$F$12,165)*65536+_xlfn.BITXOR(Sheet2!$F$13,165)*16777216 -> 1601792820 | BB5: =_xlfn.BITXOR(Sheet2!$F$14,165)+_xlfn.BITXOR(Sheet2!$F$15,165)*256+_xlfn.BITXOR(Sheet2!$F$16,165)*65536+_xlfn.BITXOR(Sheet2!$F$17,165)*16777216 -> 1953248371 | BC5: =C5+D5*256+E5*65536+F5*16777216 -> 2151628607 | BD5: =G5+H5*256+I5*65536+J5*16777216 -> 0 | BE5: =K5+L5*256+M5*65536+N5*16777216 -> 0 | BF5: =O5+P5*256+Q5*65536+R5*16777216 -> 0 | BG5: =S5+T5*256+U5*65536+V5*16777216 -> 0 | BH5: =W5+X5*256+Y5*65536+Z5*16777216 -> 0 | BI5: =AA5+AB5*256+AC5*65536+AD5*16777216 -> 0 | BJ5: =AE5+AF5*256+AG5*65536+AH5*16777216 -> 0 | BK5: =AI5+AJ5*256+AK5*65536+AL5*16777216 -> 0 | BL5: =AM5+AN5*256+AO5*65536+AP5*16777216 -> 0 | BM5: =AQ5+AR5*256+AS5*65536+AT5*16777216 -> 152 | BN5: =AU5+AV5*256+AW5*65536+AX5*16777216 -> 0 | BO5: =MOD(1732584193+Sheet4!$J$261,4294967296) -> 2864597674 | BP5: =MOD(4023233417+Sheet4!$K$261,4294967296) -> 3283020593 | BQ5: =MOD(2562383102+Sheet4!$L$261,4294967296) -> 3317144422 | BR5: =MOD(271733878+Sheet4!$M$261,4294967296) -> 2031522474 | BS5: 4005615615 | BT5: 2391617212 | BU5: 2576942536 | BV5: 2140002521 | BW5: =IF(AND(BO5=BS5,BP5=BT5,BQ5=BU5,BR5=BV5),1,0) -> 0
A6: 5 | B6: =COUNT(Sheet2!$F$2:$F$17)+COUNT($C6:$E6) -> 19 | C6: =CODE(MID(Sheet2!$H$2,$A6,1)) -> 63 | D6: =CODE(MID(Sheet2!$H$2,$A6+10,1)) -> 63 | E6: =CODE(MID(Sheet2!$H$2,$A6+20,1)) -> 63 | F6: 128 | G6: 0 | H6: 0 | I6: 0 | J6: 0 | K6: 0 | L6: 0 | M6: 0 | N6: 0 | O6: 0 | P6: 0 | Q6: 0 | R6: 0 | S6: 0 | T6: 0 | U6: 0 | V6: 0 | W6: 0 | X6: 0 | Y6: 0 | Z6: 0 | AA6: 0 | AB6: 0 | AC6: 0 | AD6: 0 | AE6: 0 | AF6: 0 | AG6: 0 | AH6: 0 | AI6: 0 | AJ6: 0 | AK6: 0 | AL6: 0 | AM6: 0 | AN6: 0 | AO6: 0 | AP6: 0 | AQ6: =MOD(INT($B6*8/256^0),256) -> 152 | AR6: =MOD(INT($B6*8/256^1),256) -> 0 | AS6: =MOD(INT($B6*8/256^2),256) -> 0 | AT6: =MOD(INT($B6*8/256^3),256) -> 0 | AU6: =MOD(INT($B6*8/256^4),256) -> 0 | AV6: =MOD(INT($B6*8/256^5),256) -> 0 | AW6: =MOD(INT($B6*8/256^6),256) -> 0 | AX6: =MOD(INT($B6*8/256^7),256) -> 0 | AY6: =_xlfn.BITXOR(Sheet2!$F$2,165)+_xlfn.BITXOR(Sheet2!$F$3,165)*256+_xlfn.BITXOR(Sheet2!$F$4,165)*65536+_xlfn.BITXOR(Sheet2!$F$5,165)*16777216 -> 1701654643 | AZ6: =_xlfn.BITXOR(Sheet2!$F$6,165)+_xlfn.BITXOR(Sheet2!$F$7,165)*256+_xlfn.BITXOR(Sheet2!$F$8,165)*65536+_xlfn.BITXOR(Sheet2!$F$9,165)*16777216 -> 862876511 | BA6: =_xlfn.BITXOR(Sheet2!$F$10,165)+_xlfn.BITXOR(Sheet2!$F$11,165)*256+_xlfn.BITXOR(Sheet2!$F$12,165)*65536+_xlfn.BITXOR(Sheet2!$F$13,165)*16777216 -> 1601792820 | BB6: =_xlfn.BITXOR(Sheet2!$F$14,165)+_xlfn.BITXOR(Sheet2!$F$15,165)*256+_xlfn.BITXOR(Sheet2!$F$16,165)*65536+_xlfn.BITXOR(Sheet2!$F$17,165)*16777216 -> 1953248371 | BC6: =C6+D6*256+E6*65536+F6*16777216 -> 2151628607 | BD6: =G6+H6*256+I6*65536+J6*16777216 -> 0 | BE6: =K6+L6*256+M6*65536+N6*16777216 -> 0 | BF6: =O6+P6*256+Q6*65536+R6*16777216 -> 0 | BG6: =S6+T6*256+U6*65536+V6*16777216 -> 0 | BH6: =W6+X6*256+Y6*65536+Z6*16777216 -> 0 | BI6: =AA6+AB6*256+AC6*65536+AD6*16777216 -> 0 | BJ6: =AE6+AF6*256+AG6*65536+AH6*16777216 -> 0 | BK6: =AI6+AJ6*256+AK6*65536+AL6*16777216 -> 0 | BL6: =AM6+AN6*256+AO6*65536+AP6*16777216 -> 0 | BM6: =AQ6+AR6*256+AS6*65536+AT6*16777216 -> 152 | BN6: =AU6+AV6*256+AW6*65536+AX6*16777216 -> 0 | BO6: =MOD(1732584193+Sheet4!$J$326,4294967296) -> 2864597674 | BP6: =MOD(4023233417+Sheet4!$K$326,4294967296) -> 3283020593 | BQ6: =MOD(2562383102+Sheet4!$L$326,4294967296) -> 3317144422 | BR6: =MOD(271733878+Sheet4!$M$326,4294967296) -> 2031522474 | BS6: 1783887626 | BT6: 3622230939 | BU6: 1267188250 | BV6: 2483512918 | BW6: =IF(AND(BO6=BS6,BP6=BT6,BQ6=BU6,BR6=BV6),1,0) -> 0
A7: 6 | B7: =COUNT(Sheet2!$F$2:$F$17)+COUNT($C7:$E7) -> 19 | C7: =CODE(MID(Sheet2!$H$2,$A7,1)) -> 63 | D7: =CODE(MID(Sheet2!$H$2,$A7+10,1)) -> 63 | E7: =CODE(MID(Sheet2!$H$2,$A7+20,1)) -> 63 | F7: 128 | G7: 0 | H7: 0 | I7: 0 | J7: 0 | K7: 0 | L7: 0 | M7: 0 | N7: 0 | O7: 0 | P7: 0 | Q7: 0 | R7: 0 | S7: 0 | T7: 0 | U7: 0 | V7: 0 | W7: 0 | X7: 0 | Y7: 0 | Z7: 0 | AA7: 0 | AB7: 0 | AC7: 0 | AD7: 0 | AE7: 0 | AF7: 0 | AG7: 0 | AH7: 0 | AI7: 0 | AJ7: 0 | AK7: 0 | AL7: 0 | AM7: 0 | AN7: 0 | AO7: 0 | AP7: 0 | AQ7: =MOD(INT($B7*8/256^0),256) -> 152 | AR7: =MOD(INT($B7*8/256^1),256) -> 0 | AS7: =MOD(INT($B7*8/256^2),256) -> 0 | AT7: =MOD(INT($B7*8/256^3),256) -> 0 | AU7: =MOD(INT($B7*8/256^4),256) -> 0 | AV7: =MOD(INT($B7*8/256^5),256) -> 0 | AW7: =MOD(INT($B7*8/256^6),256) -> 0 | AX7: =MOD(INT($B7*8/256^7),256) -> 0 | AY7: =_xlfn.BITXOR(Sheet2!$F$2,165)+_xlfn.BITXOR(Sheet2!$F$3,165)*256+_xlfn.BITXOR(Sheet2!$F$4,165)*65536+_xlfn.BITXOR(Sheet2!$F$5,165)*16777216 -> 1701654643 | AZ7: =_xlfn.BITXOR(Sheet2!$F$6,165)+_xlfn.BITXOR(Sheet2!$F$7,165)*256+_xlfn.BITXOR(Sheet2!$F$8,165)*65536+_xlfn.BITXOR(Sheet2!$F$9,165)*16777216 -> 862876511 | BA7: =_xlfn.BITXOR(Sheet2!$F$10,165)+_xlfn.BITXOR(Sheet2!$F$11,165)*256+_xlfn.BITXOR(Sheet2!$F$12,165)*65536+_xlfn.BITXOR(Sheet2!$F$13,165)*16777216 -> 1601792820 | BB7: =_xlfn.BITXOR(Sheet2!$F$14,165)+_xlfn.BITXOR(Sheet2!$F$15,165)*256+_xlfn.BITXOR(Sheet2!$F$16,165)*65536+_xlfn.BITXOR(Sheet2!$F$17,165)*16777216 -> 1953248371 | BC7: =C7+D7*256+E7*65536+F7*16777216 -> 2151628607 | BD7: =G7+H7*256+I7*65536+J7*16777216 -> 0 | BE7: =K7+L7*256+M7*65536+N7*16777216 -> 0 | BF7: =O7+P7*256+Q7*65536+R7*16777216 -> 0 | BG7: =S7+T7*256+U7*65536+V7*16777216 -> 0 | BH7: =W7+X7*256+Y7*65536+Z7*16777216 -> 0 | BI7: =AA7+AB7*256+AC7*65536+AD7*16777216 -> 0 | BJ7: =AE7+AF7*256+AG7*65536+AH7*16777216 -> 0 | BK7: =AI7+AJ7*256+AK7*65536+AL7*16777216 -> 0 | BL7: =AM7+AN7*256+AO7*65536+AP7*16777216 -> 0 | BM7: =AQ7+AR7*256+AS7*65536+AT7*16777216 -> 152 | BN7: =AU7+AV7*256+AW7*65536+AX7*16777216 -> 0 | BO7: =MOD(1732584193+Sheet4!$J$391,4294967296) -> 2864597674 | BP7: =MOD(4023233417+Sheet4!$K$391,4294967296) -> 3283020593 | BQ7: =MOD(2562383102+Sheet4!$L$391,4294967296) -> 3317144422 | BR7: =MOD(271733878+Sheet4!$M$391,4294967296) -> 2031522474 | BS7: 3971983597 | BT7: 866610566 | BU7: 1921144098 | BV7: 402180923 | BW7: =IF(AND(BO7=BS7,BP7=BT7,BQ7=BU7,BR7=BV7),1,0) -> 0
A8: 7 | B8: =COUNT(Sheet2!$F$2:$F$17)+COUNT($C8:$E8) -> 19 | C8: =CODE(MID(Sheet2!$H$2,$A8,1)) -> 63 | D8: =CODE(MID(Sheet2!$H$2,$A8+10,1)) -> 63 | E8: =CODE(MID(Sheet2!$H$2,$A8+20,1)) -> 63 | F8: 128 | G8: 0 | H8: 0 | I8: 0 | J8: 0 | K8: 0 | L8: 0 | M8: 0 | N8: 0 | O8: 0 | P8: 0 | Q8: 0 | R8: 0 | S8: 0 | T8: 0 | U8: 0 | V8: 0 | W8: 0 | X8: 0 | Y8: 0 | Z8: 0 | AA8: 0 | AB8: 0 | AC8: 0 | AD8: 0 | AE8: 0 | AF8: 0 | AG8: 0 | AH8: 0 | AI8: 0 | AJ8: 0 | AK8: 0 | AL8: 0 | AM8: 0 | AN8: 0 | AO8: 0 | AP8: 0 | AQ8: =MOD(INT($B8*8/256^0),256) -> 152 | AR8: =MOD(INT($B8*8/256^1),256) -> 0 | AS8: =MOD(INT($B8*8/256^2),256) -> 0 | AT8: =MOD(INT($B8*8/256^3),256) -> 0 | AU8: =MOD(INT($B8*8/256^4),256) -> 0 | AV8: =MOD(INT($B8*8/256^5),256) -> 0 | AW8: =MOD(INT($B8*8/256^6),256) -> 0 | AX8: =MOD(INT($B8*8/256^7),256) -> 0 | AY8: =_xlfn.BITXOR(Sheet2!$F$2,165)+_xlfn.BITXOR(Sheet2!$F$3,165)*256+_xlfn.BITXOR(Sheet2!$F$4,165)*65536+_xlfn.BITXOR(Sheet2!$F$5,165)*16777216 -> 1701654643 | AZ8: =_xlfn.BITXOR(Sheet2!$F$6,165)+_xlfn.BITXOR(Sheet2!$F$7,165)*256+_xlfn.BITXOR(Sheet2!$F$8,165)*65536+_xlfn.BITXOR(Sheet2!$F$9,165)*16777216 -> 862876511 | BA8: =_xlfn.BITXOR(Sheet2!$F$10,165)+_xlfn.BITXOR(Sheet2!$F$11,165)*256+_xlfn.BITXOR(Sheet2!$F$12,165)*65536+_xlfn.BITXOR(Sheet2!$F$13,165)*16777216 -> 1601792820 | BB8: =_xlfn.BITXOR(Sheet2!$F$14,165)+_xlfn.BITXOR(Sheet2!$F$15,165)*256+_xlfn.BITXOR(Sheet2!$F$16,165)*65536+_xlfn.BITXOR(Sheet2!$F$17,165)*16777216 -> 1953248371 | BC8: =C8+D8*256+E8*65536+F8*16777216 -> 2151628607 | BD8: =G8+H8*256+I8*65536+J8*16777216 -> 0 | BE8: =K8+L8*256+M8*65536+N8*16777216 -> 0 | BF8: =O8+P8*256+Q8*65536+R8*16777216 -> 0 | BG8: =S8+T8*256+U8*65536+V8*16777216 -> 0 | BH8: =W8+X8*256+Y8*65536+Z8*16777216 -> 0 | BI8: =AA8+AB8*256+AC8*65536+AD8*16777216 -> 0 | BJ8: =AE8+AF8*256+AG8*65536+AH8*16777216 -> 0 | BK8: =AI8+AJ8*256+AK8*65536+AL8*16777216 -> 0 | BL8: =AM8+AN8*256+AO8*65536+AP8*16777216 -> 0 | BM8: =AQ8+AR8*256+AS8*65536+AT8*16777216 -> 152 | BN8: =AU8+AV8*256+AW8*65536+AX8*16777216 -> 0 | BO8: =MOD(1732584193+Sheet4!$J$456,4294967296) -> 2864597674 | BP8: =MOD(4023233417+Sheet4!$K$456,4294967296) -> 3283020593 | BQ8: =MOD(2562383102+Sheet4!$L$456,4294967296) -> 3317144422 | BR8: =MOD(271733878+Sheet4!$M$456,4294967296) -> 2031522474 | BS8: 3409560921 | BT8: 3103012121 | BU8: 2261944769 | BV8: 3919384297 | BW8: =IF(AND(BO8=BS8,BP8=BT8,BQ8=BU8,BR8=BV8),1,0) -> 0
A9: 8 | B9: =COUNT(Sheet2!$F$2:$F$17)+COUNT($C9:$E9) -> 19 | C9: =CODE(MID(Sheet2!$H$2,$A9,1)) -> 63 | D9: =CODE(MID(Sheet2!$H$2,$A9+10,1)) -> 63 | E9: =CODE(MID(Sheet2!$H$2,$A9+20,1)) -> 63 | F9: 128 | G9: 0 | H9: 0 | I9: 0 | J9: 0 | K9: 0 | L9: 0 | M9: 0 | N9: 0 | O9: 0 | P9: 0 | Q9: 0 | R9: 0 | S9: 0 | T9: 0 | U9: 0 | V9: 0 | W9: 0 | X9: 0 | Y9: 0 | Z9: 0 | AA9: 0 | AB9: 0 | AC9: 0 | AD9: 0 | AE9: 0 | AF9: 0 | AG9: 0 | AH9: 0 | AI9: 0 | AJ9: 0 | AK9: 0 | AL9: 0 | AM9: 0 | AN9: 0 | AO9: 0 | AP9: 0 | AQ9: =MOD(INT($B9*8/256^0),256) -> 152 | AR9: =MOD(INT($B9*8/256^1),256) -> 0 | AS9: =MOD(INT($B9*8/256^2),256) -> 0 | AT9: =MOD(INT($B9*8/256^3),256) -> 0 | AU9: =MOD(INT($B9*8/256^4),256) -> 0 | AV9: =MOD(INT($B9*8/256^5),256) -> 0 | AW9: =MOD(INT($B9*8/256^6),256) -> 0 | AX9: =MOD(INT($B9*8/256^7),256) -> 0 | AY9: =_xlfn.BITXOR(Sheet2!$F$2,165)+_xlfn.BITXOR(Sheet2!$F$3,165)*256+_xlfn.BITXOR(Sheet2!$F$4,165)*65536+_xlfn.BITXOR(Sheet2!$F$5,165)*16777216 -> 1701654643 | AZ9: =_xlfn.BITXOR(Sheet2!$F$6,165)+_xlfn.BITXOR(Sheet2!$F$7,165)*256+_xlfn.BITXOR(Sheet2!$F$8,165)*65536+_xlfn.BITXOR(Sheet2!$F$9,165)*16777216 -> 862876511 | BA9: =_xlfn.BITXOR(Sheet2!$F$10,165)+_xlfn.BITXOR(Sheet2!$F$11,165)*256+_xlfn.BITXOR(Sheet2!$F$12,165)*65536+_xlfn.BITXOR(Sheet2!$F$13,165)*16777216 -> 1601792820 | BB9: =_xlfn.BITXOR(Sheet2!$F$14,165)+_xlfn.BITXOR(Sheet2!$F$15,165)*256+_xlfn.BITXOR(Sheet2!$F$16,165)*65536+_xlfn.BITXOR(Sheet2!$F$17,165)*16777216 -> 1953248371 | BC9: =C9+D9*256+E9*65536+F9*16777216 -> 2151628607 | BD9: =G9+H9*256+I9*65536+J9*16777216 -> 0 | BE9: =K9+L9*256+M9*65536+N9*16777216 -> 0 | BF9: =O9+P9*256+Q9*65536+R9*16777216 -> 0 | BG9: =S9+T9*256+U9*65536+V9*16777216 -> 0 | BH9: =W9+X9*256+Y9*65536+Z9*16777216 -> 0 | BI9: =AA9+AB9*256+AC9*65536+AD9*16777216 -> 0 | BJ9: =AE9+AF9*256+AG9*65536+AH9*16777216 -> 0 | BK9: =AI9+AJ9*256+AK9*65536+AL9*16777216 -> 0 | BL9: =AM9+AN9*256+AO9*65536+AP9*16777216 -> 0 | BM9: =AQ9+AR9*256+AS9*65536+AT9*16777216 -> 152 | BN9: =AU9+AV9*256+AW9*65536+AX9*16777216 -> 0 | BO9: =MOD(1732584193+Sheet4!$J$521,4294967296) -> 2864597674 | BP9: =MOD(4023233417+Sheet4!$K$521,4294967296) -> 3283020593 | BQ9: =MOD(2562383102+Sheet4!$L$521,4294967296) -> 3317144422 | BR9: =MOD(271733878+Sheet4!$M$521,4294967296) -> 2031522474 | BS9: 3377601125 | BT9: 847392938 | BU9: 543800179 | BV9: 879909070 | BW9: =IF(AND(BO9=BS9,BP9=BT9,BQ9=BU9,BR9=BV9),1,0) -> 0
A10: 9 | B10: =COUNT(Sheet2!$F$2:$F$17)+COUNT($C10:$E10) -> 19 | C10: =CODE(MID(Sheet2!$H$2,$A10,1)) -> 63 | D10: =CODE(MID(Sheet2!$H$2,$A10+10,1)) -> 63 | E10: =CODE(MID(Sheet2!$H$2,$A10+20,1)) -> 63 | F10: 128 | G10: 0 | H10: 0 | I10: 0 | J10: 0 | K10: 0 | L10: 0 | M10: 0 | N10: 0 | O10: 0 | P10: 0 | Q10: 0 | R10: 0 | S10: 0 | T10: 0 | U10: 0 | V10: 0 | W10: 0 | X10: 0 | Y10: 0 | Z10: 0 | AA10: 0 | AB10: 0 | AC10: 0 | AD10: 0 | AE10: 0 | AF10: 0 | AG10: 0 | AH10: 0 | AI10: 0 | AJ10: 0 | AK10: 0 | AL10: 0 | AM10: 0 | AN10: 0 | AO10: 0 | AP10: 0 | AQ10: =MOD(INT($B10*8/256^0),256) -> 152 | AR10: =MOD(INT($B10*8/256^1),256) -> 0 | AS10: =MOD(INT($B10*8/256^2),256) -> 0 | AT10: =MOD(INT($B10*8/256^3),256) -> 0 | AU10: =MOD(INT($B10*8/256^4),256) -> 0 | AV10: =MOD(INT($B10*8/256^5),256) -> 0 | AW10: =MOD(INT($B10*8/256^6),256) -> 0 | AX10: =MOD(INT($B10*8/256^7),256) -> 0 | AY10: =_xlfn.BITXOR(Sheet2!$F$2,165)+_xlfn.BITXOR(Sheet2!$F$3,165)*256+_xlfn.BITXOR(Sheet2!$F$4,165)*65536+_xlfn.BITXOR(Sheet2!$F$5,165)*16777216 -> 1701654643 | AZ10: =_xlfn.BITXOR(Sheet2!$F$6,165)+_xlfn.BITXOR(Sheet2!$F$7,165)*256+_xlfn.BITXOR(Sheet2!$F$8,165)*65536+_xlfn.BITXOR(Sheet2!$F$9,165)*16777216 -> 862876511 | BA10: =_xlfn.BITXOR(Sheet2!$F$10,165)+_xlfn.BITXOR(Sheet2!$F$11,165)*256+_xlfn.BITXOR(Sheet2!$F$12,165)*65536+_xlfn.BITXOR(Sheet2!$F$13,165)*16777216 -> 1601792820 | BB10: =_xlfn.BITXOR(Sheet2!$F$14,165)+_xlfn.BITXOR(Sheet2!$F$15,165)*256+_xlfn.BITXOR(Sheet2!$F$16,165)*65536+_xlfn.BITXOR(Sheet2!$F$17,165)*16777216 -> 1953248371 | BC10: =C10+D10*256+E10*65536+F10*16777216 -> 2151628607 | BD10: =G10+H10*256+I10*65536+J10*16777216 -> 0 | BE10: =K10+L10*256+M10*65536+N10*16777216 -> 0 | BF10: =O10+P10*256+Q10*65536+R10*16777216 -> 0 | BG10: =S10+T10*256+U10*65536+V10*16777216 -> 0 | BH10: =W10+X10*256+Y10*65536+Z10*16777216 -> 0 | BI10: =AA10+AB10*256+AC10*65536+AD10*16777216 -> 0 | BJ10: =AE10+AF10*256+AG10*65536+AH10*16777216 -> 0 | BK10: =AI10+AJ10*256+AK10*65536+AL10*16777216 -> 0 | BL10: =AM10+AN10*256+AO10*65536+AP10*16777216 -> 0 | BM10: =AQ10+AR10*256+AS10*65536+AT10*16777216 -> 152 | BN10: =AU10+AV10*256+AW10*65536+AX10*16777216 -> 0 | BO10: =MOD(1732584193+Sheet4!$J$586,4294967296) -> 2864597674 | BP10: =MOD(4023233417+Sheet4!$K$586,4294967296) -> 3283020593 | BQ10: =MOD(2562383102+Sheet4!$L$586,4294967296) -> 3317144422 | BR10: =MOD(271733878+Sheet4!$M$586,4294967296) -> 2031522474 | BS10: 2343965920 | BT10: 2169933120 | BU10: 1366115365 | BV10: 931825985 | BW10: =IF(AND(BO10=BS10,BP10=BT10,BQ10=BU10,BR10=BV10),1,0) -> 0
A11: 10 | B11: =COUNT(Sheet2!$F$2:$F$17)+COUNT($C11:$E11) -> 19 | C11: =CODE(MID(Sheet2!$H$2,$A11,1)) -> 63 | D11: =CODE(MID(Sheet2!$H$2,$A11+10,1)) -> 63 | E11: =CODE(MID(Sheet2!$H$2,$A11+20,1)) -> 63 | F11: 128 | G11: 0 | H11: 0 | I11: 0 | J11: 0 | K11: 0 | L11: 0 | M11: 0 | N11: 0 | O11: 0 | P11: 0 | Q11: 0 | R11: 0 | S11: 0 | T11: 0 | U11: 0 | V11: 0 | W11: 0 | X11: 0 | Y11: 0 | Z11: 0 | AA11: 0 | AB11: 0 | AC11: 0 | AD11: 0 | AE11: 0 | AF11: 0 | AG11: 0 | AH11: 0 | AI11: 0 | AJ11: 0 | AK11: 0 | AL11: 0 | AM11: 0 | AN11: 0 | AO11: 0 | AP11: 0 | AQ11: =MOD(INT($B11*8/256^0),256) -> 152 | AR11: =MOD(INT($B11*8/256^1),256) -> 0 | AS11: =MOD(INT($B11*8/256^2),256) -> 0 | AT11: =MOD(INT($B11*8/256^3),256) -> 0 | AU11: =MOD(INT($B11*8/256^4),256) -> 0 | AV11: =MOD(INT($B11*8/256^5),256) -> 0 | AW11: =MOD(INT($B11*8/256^6),256) -> 0 | AX11: =MOD(INT($B11*8/256^7),256) -> 0 | AY11: =_xlfn.BITXOR(Sheet2!$F$2,165)+_xlfn.BITXOR(Sheet2!$F$3,165)*256+_xlfn.BITXOR(Sheet2!$F$4,165)*65536+_xlfn.BITXOR(Sheet2!$F$5,165)*16777216 -> 1701654643 | AZ11: =_xlfn.BITXOR(Sheet2!$F$6,165)+_xlfn.BITXOR(Sheet2!$F$7,165)*256+_xlfn.BITXOR(Sheet2!$F$8,165)*65536+_xlfn.BITXOR(Sheet2!$F$9,165)*16777216 -> 862876511 | BA11: =_xlfn.BITXOR(Sheet2!$F$10,165)+_xlfn.BITXOR(Sheet2!$F$11,165)*256+_xlfn.BITXOR(Sheet2!$F$12,165)*65536+_xlfn.BITXOR(Sheet2!$F$13,165)*16777216 -> 1601792820 | BB11: =_xlfn.BITXOR(Sheet2!$F$14,165)+_xlfn.BITXOR(Sheet2!$F$15,165)*256+_xlfn.BITXOR(Sheet2!$F$16,165)*65536+_xlfn.BITXOR(Sheet2!$F$17,165)*16777216 -> 1953248371 | BC11: =C11+D11*256+E11*65536+F11*16777216 -> 2151628607 | BD11: =G11+H11*256+I11*65536+J11*16777216 -> 0 | BE11: =K11+L11*256+M11*65536+N11*16777216 -> 0 | BF11: =O11+P11*256+Q11*65536+R11*16777216 -> 0 | BG11: =S11+T11*256+U11*65536+V11*16777216 -> 0 | BH11: =W11+X11*256+Y11*65536+Z11*16777216 -> 0 | BI11: =AA11+AB11*256+AC11*65536+AD11*16777216 -> 0 | BJ11: =AE11+AF11*256+AG11*65536+AH11*16777216 -> 0 | BK11: =AI11+AJ11*256+AK11*65536+AL11*16777216 -> 0 | BL11: =AM11+AN11*256+AO11*65536+AP11*16777216 -> 0 | BM11: =AQ11+AR11*256+AS11*65536+AT11*16777216 -> 152 | BN11: =AU11+AV11*256+AW11*65536+AX11*16777216 -> 0 | BO11: =MOD(1732584193+Sheet4!$J$651,4294967296) -> 2864597674 | BP11: =MOD(4023233417+Sheet4!$K$651,4294967296) -> 3283020593 | BQ11: =MOD(2562383102+Sheet4!$L$651,4294967296) -> 3317144422 | BR11: =MOD(271733878+Sheet4!$M$651,4294967296) -> 2031522474 | BS11: 1416552657 | BT11: 3925964814 | BU11: 413409308 | BV11: 1810266362 | BW11: =IF(AND(BO11=BS11,BP11=BT11,BQ11=BU11,BR11=BV11),1,0) -> 0

Sheet Sheet4
A1: c1 | B1: c2 | C1: c3 | D1: c4 | E1: c5 | F1: c6 | G1: c7 | H1: c8 | I1: c9 | J1: c10 | K1: c11 | L1: c12 | M1: c13
A2: 1 | B2: -1 | J2: 1732584193 | K2: 4023233417 | L2: 2562383102 | M2: 271733878
A3: 1 | B3: 0 | C3: =INDEX(Sheet2!$B$2:$B$65,$B3+1) -> 3614090360 | D3: =INDEX(Sheet2!$C$2:$C$65,$B3+1) -> 7 | E3: =INDEX(Sheet2!$D$2:$D$65,$B3+1) -> 0 | F3: =INDEX(Sheet3!$AY$2:$BN$11,$A3,$E3+1) -> 1701654643 | G3: =IF($B3<16,_xlfn.BITOR(_xlfn.BITAND($K2,$L2),_xlfn.BITAND(4294967295-$K2,$M2)),IF($B3<32,_xlfn.BITOR(_xlfn.BITAND($M2,$K2),_xlfn.BITAND(4294967295-$M2,$L2)),IF($B3<48,_xlfn.BITXOR(_xlfn.BITXOR($K2,$L2),$M2),_xlfn.BITXOR($L2,_xlfn.BITOR($K2,4294967295-$M2))))) -> 2562383102 | H3: =MOD($G3+$J2+$C3+$F3,4294967296) -> 1020777706 | I3: =MOD($H3,2^(32-$D3))*2^$D3+INT($H3/2^(32-$D3)) -> 1810527518 | J3: =$M2 -> 271733878 | K3: =MOD($K2+$I3,4294967296) -> 1538793639 | L3: =$K2 -> 4023233417 | M3: =$L2 -> 2562383102
A4: 1 | B4: 1 | C4: =INDEX(Sheet2!$B$2:$B$65,$B4+1) -> 3905402710 | D4: =INDEX(Sheet2!$C$2:$C$65,$B4+1) -> 12 | E4: =INDEX(Sheet2!$D$2:$D$65,$B4+1) -> 1 | F4: =INDEX(Sheet3!$AY$2:$BN$11,$A4,$E4+1) -> 862876511 | G4: =IF($B4<16,_xlfn.BITOR(_xlfn.BITAND($K3,$L3),_xlfn.BITAND(4294967295-$K3,$M3)),IF($B4<32,_xlfn.BITOR(_xlfn.BITAND($M3,$K3),_xlfn.BITAND(4294967295-$M3,$L3)),IF($B4<48,_xlfn.BITXOR(_xlfn.BITXOR($K3,$L3),$M3),_xlfn.BITXOR($L3,_xlfn.BITOR($K3,4294967295-$M3))))) -> 3414883545 | H4: =MOD($G4+$J3+$C4+$F4,4294967296) -> 4159929348 | I4: =MOD($H4,2^(32-$D4))*2^$D4+INT($H4/2^(32-$D4)) -> 935350143 | J4: =$M3 -> 2562383102 | K4: =MOD($K3+$I4,4294967296) -> 2474143782 | L4: =$K3 -> 1538793639 | M4: =$L3 -> 4023233417
A5: 1 | B5: 2 | C5: =INDEX(Sheet2!$B$2:$B$65,$B5+1) -> 606105819 | D5: =INDEX(Sheet2!$C$2:$C$65,$B5+1) -> 17 | E5: =INDEX(Sheet2!$D$2:$D$65,$B5+1) -> 2 | F5: =INDEX(Sheet3!$AY$2:$BN$11,$A5,$E5+1) -> 1601792820 | G5: =IF($B5<16,_xlfn.BITOR(_xlfn.BITAND($K4,$L4),_xlfn.BITAND(4294967295-$K4,$M4)),IF($B5<32,_xlfn.BITOR(_xlfn.BITAND($M4,$K4),_xlfn.BITAND(4294967295-$M4,$L4)),IF($B5<48,_xlfn.BITXOR(_xlfn.BITXOR($K4,$L4),$M4),_xlfn.BITXOR($L4,_xlfn.BITOR($K4,4294967295-$M4))))) -> 2143136687 | H5: =MOD($G5+$J4+$C5+$F5,4294967296) -> 2618451132 | I5: =MOD($H5,2^(32-$D5))*2^$D5+INT($H5/2^(32-$D5)) -> 3380164644 | J5: =$M4 -> 4023233417 | K5: =MOD($K4+$I5,4294967296) -> 1559341130 | L5: =$K4 -> 2474143782 | M5: =$L4 -> 1538793639
A6: 1 | B6: 3 | C6: =INDEX(Sheet2!$B$2:$B$65,$B6+1) -> 3250441966 | D6: =INDEX(Sheet2!$C$2:$C$65,$B6+1) -> 22 | E6: =INDEX(Sheet2!$D$2:$D$65,$B6+1) -> 3 | F6: =INDEX(Sheet3!$AY$2:$BN$11,$A6,$E6+1) -> 1953248371 | G6: =IF($B6<16,_xlfn.BITOR(_xlfn.BITAND($K5,$L5),_xlfn.BITAND(4294967295-$K5,$M5)),IF($B6<32,_xlfn.BITOR(_xlfn.BITAND($M5,$K5),_xlfn.BITAND(4294967295-$M5,$L5)),IF($B6<48,_xlfn.BITXOR(_xlfn.BITXOR($K5,$L5),$M5),_xlfn.BITXOR($L5,_xlfn.BITOR($K5,4294967295-$M5))))) -> 326639783 | H6: =MOD($G6+$J5+$C6+$F6,4294967296) -> 963628945 | I6: =MOD($H6,2^(32-$D6))*2^$D6+INT($H6/2^(32-$D6)) -> 3830340595 | J6: =$M5 -> 1538793639 | K6: =MOD($K5+$I6,4294967296) -> 1094714429 | L6: =$K5 -> 1559341130 | M6: =$L5 -> 2474143782
A7: 1 | B7: 4 | C7: =INDEX(Sheet2!$B$2:$B$65,$B7+1) -> 4118548399 | D7: =INDEX(Sheet2!$C$2:$C$65,$B7+1) -> 7 | E7: =INDEX(Sheet2!$D$2:$D$65,$B7+1) -> 4 | F7: =INDEX(Sheet3!$AY$2:$BN$11,$A7,$E7+1) -> 2151628607 | G7: =IF($B7<16,_xlfn.BITOR(_xlfn.BITAND($K6,$L6),_xlfn.BITAND(4294967295-$K6,$M6)),IF($B7<32,_xlfn.BITOR(_xlfn.BITAND($M6,$K6),_xlfn.BITAND(4294967295-$M6,$L6)),IF($B7<48,_xlfn.BITXOR(_xlfn.BITXOR($K6,$L6),$M6),_xlfn.BITXOR($L6,_xlfn.BITOR($K6,4294967295-$M6))))) -> 3531108362 | H7: =MOD($G7+$J6+$C7+$F7,4294967296) -> 2750144415 | I7: =MOD($H7,2^(32-$D7))*2^$D7+INT($H7/2^(32-$D7)) -> 4126134225 | J7: =$M6 -> 2474143782 | K7: =MOD($K6+$I7,4294967296) -> 925881358 | L7: =$K6 -> 1094714429 | M7: =$L6 -> 1559341130
A8: 1 | B8: 5 | C8: =INDEX(Sheet2!$B$2:$B$65,$B8+1) -> 1200080426 | D8: =INDEX(Sheet2!$C$2:$C$65,$B8+1) -> 12 | E8: =INDEX(Sheet2!$D$2:$D$65,$B8+1) -> 5 | F8: =INDEX(Sheet3!$AY$2:$BN$11,$A8,$E8+1) -> 0 | G8: =IF($B8<16,_xlfn.BITOR(_xlfn.BITAND($K7,$L7),_xlfn.BITAND(4294967295-$K7,$M7)),IF($B8<32,_xlfn.BITOR(_xlfn.BITAND($M7,$K7),_xlfn.BITAND(4294967295-$M7,$L7)),IF($B8<48,_xlfn.BITXOR(_xlfn.BITXOR($K7,$L7),$M7),_xlfn.BITXOR($L7,_xlfn.BITOR($K7,4294967295-$M7))))) -> 1238379596 | H8: =MOD($G8+$J7+$C8+$F8,4294967296) -> 617636508 | I8: =MOD($H8,2^(32-$D8))*2^$D8+INT($H8/2^(32-$D8)) -> 103400013 | J8: =$M7 -> 1559341130 | K8: =MOD($K7+$I8,4294967296) -> 1029281371 | L8: =$K7 -> 925881358 | M8: =$L7 -> 1094714429
A9: 1 | B9: 6 | C9: =INDEX(Sheet2!$B$2:$B$65,$B9+1) -> 2821735955 | D9: =INDEX(Sheet2!$C$2:$C$65,$B9+1) -> 17 | E9: =INDEX(Sheet2!$D$2:$D$65,$B9+1) -> 6 | F9: =INDEX(Sheet3!$AY$2:$BN$11,$A9,$E9+1) -> 0 | G9: =IF($B9<16,_xlfn.BITOR(_xlfn.BITAND($K8,$L8),_xlfn.BITAND(4294967295-$K8,$M8)),IF($B9<32,_xlfn.BITOR(_xlfn.BITAND($M8,$K8),_xlfn.BITAND(4294967295-$M8,$L8)),IF($B9<48,_xlfn.BITXOR(_xlfn.BITXOR($K8,$L8),$M8),_xlfn.BITXOR($L8,_xlfn.BITOR($K8,4294967295-$M8))))) -> 1963562030 | H9: =MOD($G9+$J8+$C9+$F9,4294967296) -> 2049671819 | I9: =MOD($H9,2^(32-$D9))*2^$D9+INT($H9/2^(32-$D9)) -> 85390423 | J9: =$M8 -> 1094714429 | K9: =MOD($K8+$I9,4294967296) -> 1114671794 | L9: =$K8 -> 1029281371 | M9: =$L8 -> 925881358
A10: 1 | B10: 7 | C10: =INDEX(Sheet2!$B$2:$B$65,$B10+1) -> 4249261313 | D10: =INDEX(Sheet2!$C$2:$C$65,$B10+1) -> 22 | E10: =INDEX(Sheet2!$D$2:$D$65,$B10+1) -> 7 | F10: =INDEX(Sheet3!$AY$2:$BN$11,$A10,$E10+1) -> 0 | G10: =IF($B10<16,_xlfn.BITOR(_xlfn.BITAND($K9,$L9),_xlfn.BITAND(4294967295-$K9,$M9)),IF($B10<32,_xlfn.BITOR(_xlfn.BITAND($M9,$K9),_xlfn.BITAND(4294967295-$M9,$L9)),IF($B10<48,_xlfn.BITXOR(_xlfn.BITXOR($K9,$L9),$M9),_xlfn.BITXOR($L9,_xlfn.BITOR($K9,4294967295-$M9))))) -> 895473182 | H10: =MOD($G10+$J9+$C10+$F10,4294967296) -> 1944481628 | I10: =MOD($H10,2^(32-$D10))*2^$D10+INT($H10/2^(32-$D10)) -> 3609000347 | J10: =$M9 -> 925881358 | K10: =MOD($K9+$I10,4294967296) -> 428704845 | L10: =$K9 -> 1114671794 | M10: =$L9 -> 1029281371
A11: 1 | B11: 8 | C11: =INDEX(Sheet2!$B$2:$B$65,$B11+1) -> 1770035416 | D11: =INDEX(Sheet2!$C$2:$C$65,$B11+1) -> 7 | E11: =INDEX(Sheet2!$D$2:$D$65,$B11+1) -> 8 | F11: =INDEX(Sheet3!$AY$2:$BN$11,$A11,$E11+1) -> 0 | G11: =IF($B11<16,_xlfn.BITOR(_xlfn.BITAND($K10,$L10),_xlfn.BITAND(4294967295-$K10,$M10)),IF($B11<32,_xlfn.BITOR(_xlfn.BITAND($M10,$K10),_xlfn.BITAND(4294967295-$M10,$L10)),IF($B11<48,_xlfn.BITXOR(_xlfn.BITXOR($K10,$L10),$M10),_xlfn.BITXOR($L10,_xlfn.BITOR($K10,4294967295-$M10))))) -> 609260050 | H11: =MOD($G11+$J10+$C11+$F11,4294967296) -> 3305176824 | I11: =MOD($H11,2^(32-$D11))*2^$D11+INT($H11/2^(32-$D11)) -> 2155838562 | J11: =$M10 -> 1029281371 | K11: =MOD($K10+$I11,4294967296) -> 2584543407 | L11: =$K10 -> 428704845 | M11: =$L10 -> 1114671794
A12: 1 | B12: 9 | C12: =INDEX(Sheet2!$B$2:$B$65,$B12+1) -> 2336552879 | D12: =INDEX(Sheet2!$C$2:$C$65,$B12+1) -> 12 | E12: =INDEX(Sheet2!$D$2:$D$65,$B12+1) -> 9 | F12: =INDEX(Sheet3!$AY$2:$BN$11,$A12,$E12+1) -> 0 | G12: =IF($B12<16,_xlfn.BITOR(_xlfn.BITAND($K11,$L11),_xlfn.BITAND(4294967295-$K11,$M11)),IF($B12<32,_xlfn.BITOR(_xlfn.BITAND($M11,$K11),_xlfn.BITAND(4294967295-$M11,$L11)),IF($B12<48,_xlfn.BITXOR(_xlfn.BITXOR($K11,$L11),$M11),_xlfn.BITXOR($L11,_xlfn.BITOR($K11,4294967295-$M11))))) -> 1484622365 | H12: =MOD($G12+$J11+$C12+$F12,4294967296) -> 555489319 | I12: =MOD($H12,2^(32-$D12))*2^$D12+INT($H12/2^(32-$D12)) -> 3246551569 | J12: =$M11 -> 1114671794 | K12: =MOD($K11+$I12,4294967296) -> 1536127680 | L12: =$K11 -> 2584543407 | M12: =$L11 -> 428704845
A13: 1 | B13: 10 | C13: =INDEX(Sheet2!$B$2:$B$65,$B13+1) -> 4294925233 | D13: =INDEX(Sheet2!$C$2:$C$65,$B13+1) -> 17 | E13: =INDEX(Sheet2!$D$2:$D$65,$B13+1) -> 10 | F13: =INDEX(Sheet3!$AY$2:$BN$11,$A13,$E13+1) -> 0 | G13: =IF($B13<16,_xlfn.BITOR(_xlfn.BITAND($K12,$L12),_xlfn.BITAND(4294967295-$K12,$M12)),IF($B13<32,_xlfn.BITOR(_xlfn.BITAND($M12,$K12),_xlfn.BITAND(4294967295-$M12,$L12)),IF($B13<48,_xlfn.BITXOR(_xlfn.BITXOR($K12,$L12),$M12),_xlfn.BITXOR($L12,_xlfn.BITOR($K12,4294967295-$M12))))) -> 437093517 | H13: =MOD($G13+$J12+$C13+$F13,4294967296) -> 1551723248 | I13: =MOD($H13,2^(32-$D13))*2^$D13+INT($H13/2^(32-$D13)) -> 3588274426 | J13: =$M12 -> 428704845 | K13: =MOD($K12+$I13,4294967296) -> 829434810 | L13: =$K12 -> 1536127680 | M13: =$L12 -> 2584543407
A14: 1 | B14: 11 | C14: =INDEX(Sheet2!$B$2:$B$65,$B14+1) -> 2304563134 | D14: =INDEX(Sheet2!$C$2:$C$65,$B14+1) -> 22 | E14: =INDEX(Sheet2!$D$2:$D$65,$B14+1) -> 11 | F14: =INDEX(Sheet3!$AY$2:$BN$11,$A14,$E14+1) -> 0 | G14: =IF($B14<16,_xlfn.BITOR(_xlfn.BITAND($K13,$L13),_xlfn.BITAND(4294967295-$K13,$M13)),IF($B14<32,_xlfn.BITOR(_xlfn.BITAND($M13,$K13),_xlfn.BITAND(4294967295-$M13,$L13)),IF($B14<48,_xlfn.BITXOR(_xlfn.BITXOR($K13,$L13),$M13),_xlfn.BITXOR($L13,_xlfn.BITOR($K13,4294967295-$M13))))) -> 2601329285 | H14: =MOD($G14+$J13+$C14+$F14,4294967296) -> 1039629968 | I14: =MOD($H14,2^(32-$D14))*2^$D14+INT($H14/2^(32-$D14)) -> 2752478687 | J14: =$M13 -> 2584543407 | K14: =MOD($K13+$I14,4294967296) -> 3581913497 | L14: =$K13 -> 829434810 | M14: =$L13 -> 1536127680
... A66: 1 | B66: 63 | C66: =INDEX(Sheet2!$B$2:$B$65,$B66+1) -> 3951481745 | D66: =INDEX(Sheet2!$C$2:$C$65,$B66+1) -> 21 | E66: =INDEX(Sheet2!$D$2:$D$65,$B66+1) -> 9 | F66: =INDEX(Sheet3!$AY$2:$BN$11,$A66,$E66+1) -> 0 | G66: =IF($B66<16,_xlfn.BITOR(_xlfn.BITAND($K65,$L65),_xlfn.BITAND(4294967295-$K65,$M65)),IF($B66<32,_xlfn.BITOR(_xlfn.BITAND($M65,$K65),_xlfn.BITAND(4294967295-$M65,$L65)),IF($B66<48,_xlfn.BITXOR(_xlfn.BITXOR($K65,$L65),$M65),_xlfn.BITXOR($L65,_xlfn.BITOR($K65,4294967295-$M65))))) -> 3558522954 | H66: =MOD($G66+$J65+$C66+$F66,4294967296) -> 604636471 | I66: =MOD($H66,2^(32-$D66))*2^$D66+INT($H66/2^(32-$D66)) -> 2799993152 | J66: =$M65 -> 1132013481 | K66: =MOD($K65+$I66,4294967296) -> 3554754472 | L66: =$K65 -> 754761320 | M66: =$L65 -> 1759788596
A67: 2 | B67: -1 | J67: 1732584193 | K67: 4023233417 | L67: 2562383102 | M67: 271733878
A68: 2 | B68: 0 | C68: =INDEX(Sheet2!$B$2:$B$65,$B68+1) -> 3614090360 | D68: =INDEX(Sheet2!$C$2:$C$65,$B68+1) -> 7 | E68: =INDEX(Sheet2!$D$2:$D$65,$B68+1) -> 0 | F68: =INDEX(Sheet3!$AY$2:$BN$11,$A68,$E68+1) -> 1701654643 | G68: =IF($B68<16,_xlfn.BITOR(_xlfn.BITAND($K67,$L67),_xlfn.BITAND(4294967295-$K67,$M67)),IF($B68<32,_xlfn.BITOR(_xlfn.BITAND($M67,$K67),_xlfn.BITAND(4294967295-$M67,$L67)),IF($B68<48,_xlfn.BITXOR(_xlfn.BITXOR($K67,$L67),$M67),_xlfn.BITXOR($L67,_xlfn.BITOR($K67,4294967295-$M67))))) -> 2562383102 | H68: =MOD($G68+$J67+$C68+$F68,4294967296) -> 1020777706 | I68: =MOD($H68,2^(32-$D68))*2^$D68+INT($H68/2^(32-$D68)) -> 1810527518 | J68: =$M67 -> 271733878 | K68: =MOD($K67+$I68,4294967296) -> 1538793639 | L68: =$K67 -> 4023233417 | M68: =$L67 -> 2562383102
A69: 2 | B69: 1 | C69: =INDEX(Sheet2!$B$2:$B$65,$B69+1) -> 3905402710 | D69: =INDEX(Sheet2!$C$2:$C$65,$B69+1) -> 12 | E69: =INDEX(Sheet2!$D$2:$D$65,$B69+1) -> 1 | F69: =INDEX(Sheet3!$AY$2:$BN$11,$A69,$E69+1) -> 862876511 | G69: =IF($B69<16,_xlfn.BITOR(_xlfn.BITAND($K68,$L68),_xlfn.BITAND(4294967295-$K68,$M68)),IF($B69<32,_xlfn.BITOR(_xlfn.BITAND($M68,$K68),_xlfn.BITAND(4294967295-$M68,$L68)),IF($B69<48,_xlfn.BITXOR(_xlfn.BITXOR($K68,$L68),$M68),_xlfn.BITXOR($L68,_xlfn.BITOR($K68,4294967295-$M68))))) -> 3414883545 | H69: =MOD($G69+$J68+$C69+$F69,4294967296) -> 4159929348 | I69: =MOD($H69,2^(32-$D69))*2^$D69+INT($H69/2^(32-$D69)) -> 935350143 | J69: =$M68 -> 2562383102 | K69: =MOD($K68+$I69,4294967296) -> 2474143782 | L69: =$K68 -> 1538793639 | M69: =$L68 -> 4023233417
A70: 2 | B70: 2 | C70: =INDEX(Sheet2!$B$2:$B$65,$B70+1) -> 606105819 | D70: =INDEX(Sheet2!$C$2:$C$65,$B70+1) -> 17 | E70: =INDEX(Sheet2!$D$2:$D$65,$B70+1) -> 2 | F70: =INDEX(Sheet3!$AY$2:$BN$11,$A70,$E70+1) -> 1601792820 | G70: =IF($B70<16,_xlfn.BITOR(_xlfn.BITAND($K69,$L69),_xlfn.BITAND(4294967295-$K69,$M69)),IF($B70<32,_xlfn.BITOR(_xlfn.BITAND($M69,$K69),_xlfn.BITAND(4294967295-$M69,$L69)),IF($B70<48,_xlfn.BITXOR(_xlfn.BITXOR($K69,$L69),$M69),_xlfn.BITXOR($L69,_xlfn.BITOR($K69,4294967295-$M69))))) -> 2143136687 | H70: =MOD($G70+$J69+$C70+$F70,4294967296) -> 2618451132 | I70: =MOD($H70,2^(32-$D70))*2^$D70+INT($H70/2^(32-$D70)) -> 3380164644 | J70: =$M69 -> 4023233417 | K70: =MOD($K69+$I70,4294967296) -> 1559341130 | L70: =$K69 -> 2474143782 | M70: =$L69 -> 1538793639
A71: 2 | B71: 3 | C71: =INDEX(Sheet2!$B$2:$B$65,$B71+1) -> 3250441966 | D71: =INDEX(Sheet2!$C$2:$C$65,$B71+1) -> 22 | E71: =INDEX(Sheet2!$D$2:$D$65,$B71+1) -> 3 | F71: =INDEX(Sheet3!$AY$2:$BN$11,$A71,$E71+1) -> 1953248371 | G71: =IF($B71<16,_xlfn.BITOR(_xlfn.BITAND($K70,$L70),_xlfn.BITAND(4294967295-$K70,$M70)),IF($B71<32,_xlfn.BITOR(_xlfn.BITAND($M70,$K70),_xlfn.BITAND(4294967295-$M70,$L70)),IF($B71<48,_xlfn.BITXOR(_xlfn.BITXOR($K70,$L70),$M70),_xlfn.BITXOR($L70,_xlfn.BITOR($K70,4294967295-$M70))))) -> 326639783 | H71: =MOD($G71+$J70+$C71+$F71,4294967296) -> 963628945 | I71: =MOD($H71,2^(32-$D71))*2^$D71+INT($H71/2^(32-$D71)) -> 3830340595 | J71: =$M70 -> 1538793639 | K71: =MOD($K70+$I71,4294967296) -> 1094714429 | L71: =$K70 -> 1559341130 | M71: =$L70 -> 2474143782
A72: 2 | B72: 4 | C72: =INDEX(Sheet2!$B$2:$B$65,$B72+1) -> 4118548399 | D72: =INDEX(Sheet2!$C$2:$C$65,$B72+1) -> 7 | E72: =INDEX(Sheet2!$D$2:$D$65,$B72+1) -> 4 | F72: =INDEX(Sheet3!$AY$2:$BN$11,$A72,$E72+1) -> 2151628607 | G72: =IF($B72<16,_xlfn.BITOR(_xlfn.BITAND($K71,$L71),_xlfn.BITAND(4294967295-$K71,$M71)),IF($B72<32,_xlfn.BITOR(_xlfn.BITAND($M71,$K71),_xlfn.BITAND(4294967295-$M71,$L71)),IF($B72<48,_xlfn.BITXOR(_xlfn.BITXOR($K71,$L71),$M71),_xlfn.BITXOR($L71,_xlfn.BITOR($K71,4294967295-$M71))))) -> 3531108362 | H72: =MOD($G72+$J71+$C72+$F72,4294967296) -> 2750144415 | I72: =MOD($H72,2^(32-$D72))*2^$D72+INT($H72/2^(32-$D72)) -> 4126134225 | J72: =$M71 -> 2474143782 | K72: =MOD($K71+$I72,4294967296) -> 925881358 | L72: =$K71 -> 1094714429 | M72: =$L71 -> 1559341130
A73: 2 | B73: 5 | C73: =INDEX(Sheet2!$B$2:$B$65,$B73+1) -> 1200080426 | D73: =INDEX(Sheet2!$C$2:$C$65,$B73+1) -> 12 | E73: =INDEX(Sheet2!$D$2:$D$65,$B73+1) -> 5 | F73: =INDEX(Sheet3!$AY$2:$BN$11,$A73,$E73+1) -> 0 | G73: =IF($B73<16,_xlfn.BITOR(_xlfn.BITAND($K72,$L72),_xlfn.BITAND(4294967295-$K72,$M72)),IF($B73<32,_xlfn.BITOR(_xlfn.BITAND($M72,$K72),_xlfn.BITAND(4294967295-$M72,$L72)),IF($B73<48,_xlfn.BITXOR(_xlfn.BITXOR($K72,$L72),$M72),_xlfn.BITXOR($L72,_xlfn.BITOR($K72,4294967295-$M72))))) -> 1238379596 | H73: =MOD($G73+$J72+$C73+$F73,4294967296) -> 617636508 | I73: =MOD($H73,2^(32-$D73))*2^$D73+INT($H73/2^(32-$D73)) -> 103400013 | J73: =$M72 -> 1559341130 | K73: =MOD($K72+$I73,4294967296) -> 1029281371 | L73: =$K72 -> 925881358 | M73: =$L72 -> 1094714429
A74: 2 | B74: 6 | C74: =INDEX(Sheet2!$B$2:$B$65,$B74+1) -> 2821735955 | D74: =INDEX(Sheet2!$C$2:$C$65,$B74+1) -> 17 | E74: =INDEX(Sheet2!$D$2:$D$65,$B74+1) -> 6 | F74: =INDEX(Sheet3!$AY$2:$BN$11,$A74,$E74+1) -> 0 | G74: =IF($B74<16,_xlfn.BITOR(_xlfn.BITAND($K73,$L73),_xlfn.BITAND(4294967295-$K73,$M73)),IF($B74<32,_xlfn.BITOR(_xlfn.BITAND($M73,$K73),_xlfn.BITAND(4294967295-$M73,$L73)),IF($B74<48,_xlfn.BITXOR(_xlfn.BITXOR($K73,$L73),$M73),_xlfn.BITXOR($L73,_xlfn.BITOR($K73,4294967295-$M73))))) -> 1963562030 | H74: =MOD($G74+$J73+$C74+$F74,4294967296) -> 2049671819 | I74: =MOD($H74,2^(32-$D74))*2^$D74+INT($H74/2^(32-$D74)) -> 85390423 | J74: =$M73 -> 1094714429 | K74: =MOD($K73+$I74,4294967296) -> 1114671794 | L74: =$K73 -> 1029281371 | M74: =$L73 -> 925881358
A75: 2 | B75: 7 | C75: =INDEX(Sheet2!$B$2:$B$65,$B75+1) -> 4249261313 | D75: =INDEX(Sheet2!$C$2:$C$65,$B75+1) -> 22 | E75: =INDEX(Sheet2!$D$2:$D$65,$B75+1) -> 7 | F75: =INDEX(Sheet3!$AY$2:$BN$11,$A75,$E75+1) -> 0 | G75: =IF($B75<16,_xlfn.BITOR(_xlfn.BITAND($K74,$L74),_xlfn.BITAND(4294967295-$K74,$M74)),IF($B75<32,_xlfn.BITOR(_xlfn.BITAND($M74,$K74),_xlfn.BITAND(4294967295-$M74,$L74)),IF($B75<48,_xlfn.BITXOR(_xlfn.BITXOR($K74,$L74),$M74),_xlfn.BITXOR($L74,_xlfn.BITOR($K74,4294967295-$M74))))) -> 895473182 | H75: =MOD($G75+$J74+$C75+$F75,4294967296) -> 1944481628 | I75: =MOD($H75,2^(32-$D75))*2^$D75+INT($H75/2^(32-$D75)) -> 3609000347 | J75: =$M74 -> 925881358 | K75: =MOD($K74+$I75,4294967296) -> 428704845 | L75: =$K74 -> 1114671794 | M75: =$L74 -> 1029281371
A76: 2 | B76: 8 | C76: =INDEX(Sheet2!$B$2:$B$65,$B76+1) -> 1770035416 | D76: =INDEX(Sheet2!$C$2:$C$65,$B76+1) -> 7 | E76: =INDEX(Sheet2!$D$2:$D$65,$B76+1) -> 8 | F76: =INDEX(Sheet3!$AY$2:$BN$11,$A76,$E76+1) -> 0 | G76: =IF($B76<16,_xlfn.BITOR(_xlfn.BITAND($K75,$L75),_xlfn.BITAND(4294967295-$K75,$M75)),IF($B76<32,_xlfn.BITOR(_xlfn.BITAND($M75,$K75),_xlfn.BITAND(4294967295-$M75,$L75)),IF($B76<48,_xlfn.BITXOR(_xlfn.BITXOR($K75,$L75),$M75),_xlfn.BITXOR($L75,_xlfn.BITOR($K75,4294967295-$M75))))) -> 609260050 | H76: =MOD($G76+$J75+$C76+$F76,4294967296) -> 3305176824 | I76: =MOD($H76,2^(32-$D76))*2^$D76+INT($H76/2^(32-$D76)) -> 2155838562 | J76: =$M75 -> 1029281371 | K76: =MOD($K75+$I76,4294967296) -> 2584543407 | L76: =$K75 -> 428704845 | M76: =$L75 -> 1114671794
A77: 2 | B77: 9 | C77: =INDEX(Sheet2!$B$2:$B$65,$B77+1) -> 2336552879 | D77: =INDEX(Sheet2!$C$2:$C$65,$B77+1) -> 12 | E77: =INDEX(Sheet2!$D$2:$D$65,$B77+1) -> 9 | F77: =INDEX(Sheet3!$AY$2:$BN$11,$A77,$E77+1) -> 0 | G77: =IF($B77<16,_xlfn.BITOR(_xlfn.BITAND($K76,$L76),_xlfn.BITAND(4294967295-$K76,$M76)),IF($B77<32,_xlfn.BITOR(_xlfn.BITAND($M76,$K76),_xlfn.BITAND(4294967295-$M76,$L76)),IF($B77<48,_xlfn.BITXOR(_xlfn.BITXOR($K76,$L76),$M76),_xlfn.BITXOR($L76,_xlfn.BITOR($K76,4294967295-$M76))))) -> 1484622365 | H77: =MOD($G77+$J76+$C77+$F77,4294967296) -> 555489319 | I77: =MOD($H77,2^(32-$D77))*2^$D77+INT($H77/2^(32-$D77)) -> 3246551569 | J77: =$M76 -> 1114671794 | K77: =MOD($K76+$I77,4294967296) -> 1536127680 | L77: =$K76 -> 2584543407 | M77: =$L76 -> 428704845
A78: 2 | B78: 10 | C78: =INDEX(Sheet2!$B$2:$B$65,$B78+1) -> 4294925233 | D78: =INDEX(Sheet2!$C$2:$C$65,$B78+1) -> 17 | E78: =INDEX(Sheet2!$D$2:$D$65,$B78+1) -> 10 | F78: =INDEX(Sheet3!$AY$2:$BN$11,$A78,$E78+1) -> 0 | G78: =IF($B78<16,_xlfn.BITOR(_xlfn.BITAND($K77,$L77),_xlfn.BITAND(4294967295-$K77,$M77)),IF($B78<32,_xlfn.BITOR(_xlfn.BITAND($M77,$K77),_xlfn.BITAND(4294967295-$M77,$L77)),IF($B78<48,_xlfn.BITXOR(_xlfn.BITXOR($K77,$L77),$M77),_xlfn.BITXOR($L77,_xlfn.BITOR($K77,4294967295-$M77))))) -> 437093517 | H78: =MOD($G78+$J77+$C78+$F78,4294967296) -> 1551723248 | I78: =MOD($H78,2^(32-$D78))*2^$D78+INT($H78/2^(32-$D78)) -> 3588274426 | J78: =$M77 -> 428704845 | K78: =MOD($K77+$I78,4294967296) -> 829434810 | L78: =$K77 -> 1536127680 | M78: =$L77 -> 2584543407
A79: 2 | B79: 11 | C79: =INDEX(Sheet2!$B$2:$B$65,$B79+1) -> 2304563134 | D79: =INDEX(Sheet2!$C$2:$C$65,$B79+1) -> 22 | E79: =INDEX(Sheet2!$D$2:$D$65,$B79+1) -> 11 | F79: =INDEX(Sheet3!$AY$2:$BN$11,$A79,$E79+1) -> 0 | G79: =IF($B79<16,_xlfn.BITOR(_xlfn.BITAND($K78,$L78),_xlfn.BITAND(4294967295-$K78,$M78)),IF($B79<32,_xlfn.BITOR(_xlfn.BITAND($M78,$K78),_xlfn.BITAND(4294967295-$M78,$L78)),IF($B79<48,_xlfn.BITXOR(_xlfn.BITXOR($K78,$L78),$M78),_xlfn.BITXOR($L78,_xlfn.BITOR($K78,4294967295-$M78))))) -> 2601329285 | H79: =MOD($G79+$J78+$C79+$F79,4294967296) -> 1039629968 | I79: =MOD($H79,2^(32-$D79))*2^$D79+INT($H79/2^(32-$D79)) -> 2752478687 | J79: =$M78 -> 2584543407 | K79: =MOD($K78+$I79,4294967296) -> 3581913497 | L79: =$K78 -> 829434810 | M79: =$L78 -> 1536127680
... A131: 2 | B131: 63 | C131: =INDEX(Sheet2!$B$2:$B$65,$B131+1) -> 3951481745 | D131: =INDEX(Sheet2!$C$2:$C$65,$B131+1) -> 21 | E131: =INDEX(Sheet2!$D$2:$D$65,$B131+1) -> 9 | F131: =INDEX(Sheet3!$AY$2:$BN$11,$A131,$E131+1) -> 0 | G131: =IF($B131<16,_xlfn.BITOR(_xlfn.BITAND($K130,$L130),_xlfn.BITAND(4294967295-$K130,$M130)),IF($B131<32,_xlfn.BITOR(_xlfn.BITAND($M130,$K130),_xlfn.BITAND(4294967295-$M130,$L130)),IF($B131<48,_xlfn.BITXOR(_xlfn.BITXOR($K130,$L130),$M130),_xlfn.BITXOR($L130,_xlfn.BITOR($K130,4294967295-$M130))))) -> 3558522954 | H131: =MOD($G131+$J130+$C131+$F131,4294967296) -> 604636471 | I131: =MOD($H131,2^(32-$D131))*2^$D131+INT($H131/2^(32-$D131)) -> 2799993152 | J131: =$M130 -> 1132013481 | K131: =MOD($K130+$I131,4294967296) -> 3554754472 | L131: =$K130 -> 754761320 | M131: =$L130 -> 1759788596
A132: 3 | B132: -1 | J132: 1732584193 | K132: 4023233417 | L132: 2562383102 | M132: 271733878
A133: 3 | B133: 0 | C133: =INDEX(Sheet2!$B$2:$B$65,$B133+1) -> 3614090360 | D133: =INDEX(Sheet2!$C$2:$C$65,$B133+1) -> 7 | E133: =INDEX(Sheet2!$D$2:$D$65,$B133+1) -> 0 | F133: =INDEX(Sheet3!$AY$2:$BN$11,$A133,$E133+1) -> 1701654643 | G133: =IF($B133<16,_xlfn.BITOR(_xlfn.BITAND($K132,$L132),_xlfn.BITAND(4294967295-$K132,$M132)),IF($B133<32,_xlfn.BITOR(_xlfn.BITAND($M132,$K132),_xlfn.BITAND(4294967295-$M132,$L132)),IF($B133<48,_xlfn.BITXOR(_xlfn.BITXOR($K132,$L132),$M132),_xlfn.BITXOR($L132,_xlfn.BITOR($K132,4294967295-$M132))))) -> 2562383102 | H133: =MOD($G133+$J132+$C133+$F133,4294967296) -> 1020777706 | I133: =MOD($H133,2^(32-$D133))*2^$D133+INT($H133/2^(32-$D133)) -> 1810527518 | J133: =$M132 -> 271733878 | K133: =MOD($K132+$I133,4294967296) -> 1538793639 | L133: =$K132 -> 4023233417 | M133: =$L132 -> 2562383102
A134: 3 | B134: 1 | C134: =INDEX(Sheet2!$B$2:$B$65,$B134+1) -> 3905402710 | D134: =INDEX(Sheet2!$C$2:$C$65,$B134+1) -> 12 | E134: =INDEX(Sheet2!$D$2:$D$65,$B134+1) -> 1 | F134: =INDEX(Sheet3!$AY$2:$BN$11,$A134,$E134+1) -> 862876511 | G134: =IF($B134<16,_xlfn.BITOR(_xlfn.BITAND($K133,$L133),_xlfn.BITAND(4294967295-$K133,$M133)),IF($B134<32,_xlfn.BITOR(_xlfn.BITAND($M133,$K133),_xlfn.BITAND(4294967295-$M133,$L133)),IF($B134<48,_xlfn.BITXOR(_xlfn.BITXOR($K133,$L133),$M133),_xlfn.BITXOR($L133,_xlfn.BITOR($K133,4294967295-$M133))))) -> 3414883545 | H134: =MOD($G134+$J133+$C134+$F134,4294967296) -> 4159929348 | I134: =MOD($H134,2^(32-$D134))*2^$D134+INT($H134/2^(32-$D134)) -> 935350143 | J134: =$M133 -> 2562383102 | K134: =MOD($K133+$I134,4294967296) -> 2474143782 | L134: =$K133 -> 1538793639 | M134: =$L133 -> 4023233417
A135: 3 | B135: 2 | C135: =INDEX(Sheet2!$B$2:$B$65,$B135+1) -> 606105819 | D135: =INDEX(Sheet2!$C$2:$C$65,$B135+1) -> 17 | E135: =INDEX(Sheet2!$D$2:$D$65,$B135+1) -> 2 | F135: =INDEX(Sheet3!$AY$2:$BN$11,$A135,$E135+1) -> 1601792820 | G135: =IF($B135<16,_xlfn.BITOR(_xlfn.BITAND($K134,$L134),_xlfn.BITAND(4294967295-$K134,$M134)),IF($B135<32,_xlfn.BITOR(_xlfn.BITAND($M134,$K134),_xlfn.BITAND(4294967295-$M134,$L134)),IF($B135<48,_xlfn.BITXOR(_xlfn.BITXOR($K134,$L134),$M134),_xlfn.BITXOR($L134,_xlfn.BITOR($K134,4294967295-$M134))))) -> 2143136687 | H135: =MOD($G135+$J134+$C135+$F135,4294967296) -> 2618451132 | I135: =MOD($H135,2^(32-$D135))*2^$D135+INT($H135/2^(32-$D135)) -> 3380164644 | J135: =$M134 -> 4023233417 | K135: =MOD($K134+$I135,4294967296) -> 1559341130 | L135: =$K134 -> 2474143782 | M135: =$L134 -> 1538793639
A136: 3 | B136: 3 | C136: =INDEX(Sheet2!$B$2:$B$65,$B136+1) -> 3250441966 | D136: =INDEX(Sheet2!$C$2:$C$65,$B136+1) -> 22 | E136: =INDEX(Sheet2!$D$2:$D$65,$B136+1) -> 3 | F136: =INDEX(Sheet3!$AY$2:$BN$11,$A136,$E136+1) -> 1953248371 | G136: =IF($B136<16,_xlfn.BITOR(_xlfn.BITAND($K135,$L135),_xlfn.BITAND(4294967295-$K135,$M135)),IF($B136<32,_xlfn.BITOR(_xlfn.BITAND($M135,$K135),_xlfn.BITAND(4294967295-$M135,$L135)),IF($B136<48,_xlfn.BITXOR(_xlfn.BITXOR($K135,$L135),$M135),_xlfn.BITXOR($L135,_xlfn.BITOR($K135,4294967295-$M135))))) -> 326639783 | H136: =MOD($G136+$J135+$C136+$F136,4294967296) -> 963628945 | I136: =MOD($H136,2^(32-$D136))*2^$D136+INT($H136/2^(32-$D136)) -> 3830340595 | J136: =$M135 -> 1538793639 | K136: =MOD($K135+$I136,4294967296) -> 1094714429 | L136: =$K135 -> 1559341130 | M136: =$L135 -> 2474143782
A137: 3 | B137: 4 | C137: =INDEX(Sheet2!$B$2:$B$65,$B137+1) -> 4118548399 | D137: =INDEX(Sheet2!$C$2:$C$65,$B137+1) -> 7 | E137: =INDEX(Sheet2!$D$2:$D$65,$B137+1) -> 4 | F137: =INDEX(Sheet3!$AY$2:$BN$11,$A137,$E137+1) -> 2151628607 | G137: =IF($B137<16,_xlfn.BITOR(_xlfn.BITAND($K136,$L136),_xlfn.BITAND(4294967295-$K136,$M136)),IF($B137<32,_xlfn.BITOR(_xlfn.BITAND($M136,$K136),_xlfn.BITAND(4294967295-$M136,$L136)),IF($B137<48,_xlfn.BITXOR(_xlfn.BITXOR($K136,$L136),$M136),_xlfn.BITXOR($L136,_xlfn.BITOR($K136,4294967295-$M136))))) -> 3531108362 | H137: =MOD($G137+$J136+$C137+$F137,4294967296) -> 2750144415 | I137: =MOD($H137,2^(32-$D137))*2^$D137+INT($H137/2^(32-$D137)) -> 4126134225 | J137: =$M136 -> 2474143782 | K137: =MOD($K136+$I137,4294967296) -> 925881358 | L137: =$K136 -> 1094714429 | M137: =$L136 -> 1559341130
A138: 3 | B138: 5 | C138: =INDEX(Sheet2!$B$2:$B$65,$B138+1) -> 1200080426 | D138: =INDEX(Sheet2!$C$2:$C$65,$B138+1) -> 12 | E138: =INDEX(Sheet2!$D$2:$D$65,$B138+1) -> 5 | F138: =INDEX(Sheet3!$AY$2:$BN$11,$A138,$E138+1) -> 0 | G138: =IF($B138<16,_xlfn.BITOR(_xlfn.BITAND($K137,$L137),_xlfn.BITAND(4294967295-$K137,$M137)),IF($B138<32,_xlfn.BITOR(_xlfn.BITAND($M137,$K137),_xlfn.BITAND(4294967295-$M137,$L137)),IF($B138<48,_xlfn.BITXOR(_xlfn.BITXOR($K137,$L137),$M137),_xlfn.BITXOR($L137,_xlfn.BITOR($K137,4294967295-$M137))))) -> 1238379596 | H138: =MOD($G138+$J137+$C138+$F138,4294967296) -> 617636508 | I138: =MOD($H138,2^(32-$D138))*2^$D138+INT($H138/2^(32-$D138)) -> 103400013 | J138: =$M137 -> 1559341130 | K138: =MOD($K137+$I138,4294967296) -> 1029281371 | L138: =$K137 -> 925881358 | M138: =$L137 -> 1094714429
A139: 3 | B139: 6 | C139: =INDEX(Sheet2!$B$2:$B$65,$B139+1) -> 2821735955 | D139: =INDEX(Sheet2!$C$2:$C$65,$B139+1) -> 17 | E139: =INDEX(Sheet2!$D$2:$D$65,$B139+1) -> 6 | F139: =INDEX(Sheet3!$AY$2:$BN$11,$A139,$E139+1) -> 0 | G139: =IF($B139<16,_xlfn.BITOR(_xlfn.BITAND($K138,$L138),_xlfn.BITAND(4294967295-$K138,$M138)),IF($B139<32,_xlfn.BITOR(_xlfn.BITAND($M138,$K138),_xlfn.BITAND(4294967295-$M138,$L138)),IF($B139<48,_xlfn.BITXOR(_xlfn.BITXOR($K138,$L138),$M138),_xlfn.BITXOR($L138,_xlfn.BITOR($K138,4294967295-$M138))))) -> 1963562030 | H139: =MOD($G139+$J138+$C139+$F139,4294967296) -> 2049671819 | I139: =MOD($H139,2^(32-$D139))*2^$D139+INT($H139/2^(32-$D139)) -> 85390423 | J139: =$M138 -> 1094714429 | K139: =MOD($K138+$I139,4294967296) -> 1114671794 | L139: =$K138 -> 1029281371 | M139: =$L138 -> 925881358
A140: 3 | B140: 7 | C140: =INDEX(Sheet2!$B$2:$B$65,$B140+1) -> 4249261313 | D140: =INDEX(Sheet2!$C$2:$C$65,$B140+1) -> 22 | E140: =INDEX(Sheet2!$D$2:$D$65,$B140+1) -> 7 | F140: =INDEX(Sheet3!$AY$2:$BN$11,$A140,$E140+1) -> 0 | G140: =IF($B140<16,_xlfn.BITOR(_xlfn.BITAND($K139,$L139),_xlfn.BITAND(4294967295-$K139,$M139)),IF($B140<32,_xlfn.BITOR(_xlfn.BITAND($M139,$K139),_xlfn.BITAND(4294967295-$M139,$L139)),IF($B140<48,_xlfn.BITXOR(_xlfn.BITXOR($K139,$L139),$M139),_xlfn.BITXOR($L139,_xlfn.BITOR($K139,4294967295-$M139))))) -> 895473182 | H140: =MOD($G140+$J139+$C140+$F140,4294967296) -> 1944481628 | I140: =MOD($H140,2^(32-$D140))*2^$D140+INT($H140/2^(32-$D140)) -> 3609000347 | J140: =$M139 -> 925881358 | K140: =MOD($K139+$I140,4294967296) -> 428704845 | L140: =$K139 -> 1114671794 | M140: =$L139 -> 1029281371
A141: 3 | B141: 8 | C141: =INDEX(Sheet2!$B$2:$B$65,$B141+1) -> 1770035416 | D141: =INDEX(Sheet2!$C$2:$C$65,$B141+1) -> 7 | E141: =INDEX(Sheet2!$D$2:$D$65,$B141+1) -> 8 | F141: =INDEX(Sheet3!$AY$2:$BN$11,$A141,$E141+1) -> 0 | G141: =IF($B141<16,_xlfn.BITOR(_xlfn.BITAND($K140,$L140),_xlfn.BITAND(4294967295-$K140,$M140)),IF($B141<32,_xlfn.BITOR(_xlfn.BITAND($M140,$K140),_xlfn.BITAND(4294967295-$M140,$L140)),IF($B141<48,_xlfn.BITXOR(_xlfn.BITXOR($K140,$L140),$M140),_xlfn.BITXOR($L140,_xlfn.BITOR($K140,4294967295-$M140))))) -> 609260050 | H141: =MOD($G141+$J140+$C141+$F141,4294967296) -> 3305176824 | I141: =MOD($H141,2^(32-$D141))*2^$D141+INT($H141/2^(32-$D141)) -> 2155838562 | J141: =$M140 -> 1029281371 | K141: =MOD($K140+$I141,4294967296) -> 2584543407 | L141: =$K140 -> 428704845 | M141: =$L140 -> 1114671794
A142: 3 | B142: 9 | C142: =INDEX(Sheet2!$B$2:$B$65,$B142+1) -> 2336552879 | D142: =INDEX(Sheet2!$C$2:$C$65,$B142+1) -> 12 | E142: =INDEX(Sheet2!$D$2:$D$65,$B142+1) -> 9 | F142: =INDEX(Sheet3!$AY$2:$BN$11,$A142,$E142+1) -> 0 | G142: =IF($B142<16,_xlfn.BITOR(_xlfn.BITAND($K141,$L141),_xlfn.BITAND(4294967295-$K141,$M141)),IF($B142<32,_xlfn.BITOR(_xlfn.BITAND($M141,$K141),_xlfn.BITAND(4294967295-$M141,$L141)),IF($B142<48,_xlfn.BITXOR(_xlfn.BITXOR($K141,$L141),$M141),_xlfn.BITXOR($L141,_xlfn.BITOR($K141,4294967295-$M141))))) -> 1484622365 | H142: =MOD($G142+$J141+$C142+$F142,4294967296) -> 555489319 | I142: =MOD($H142,2^(32-$D142))*2^$D142+INT($H142/2^(32-$D142)) -> 3246551569 | J142: =$M141 -> 1114671794 | K142: =MOD($K141+$I142,4294967296) -> 1536127680 | L142: =$K141 -> 2584543407 | M142: =$L141 -> 428704845
A143: 3 | B143: 10 | C143: =INDEX(Sheet2!$B$2:$B$65,$B143+1) -> 4294925233 | D143: =INDEX(Sheet2!$C$2:$C$65,$B143+1) -> 17 | E143: =INDEX(Sheet2!$D$2:$D$65,$B143+1) -> 10 | F143: =INDEX(Sheet3!$AY$2:$BN$11,$A143,$E143+1) -> 0 | G143: =IF($B143<16,_xlfn.BITOR(_xlfn.BITAND($K142,$L142),_xlfn.BITAND(4294967295-$K142,$M142)),IF($B143<32,_xlfn.BITOR(_xlfn.BITAND($M142,$K142),_xlfn.BITAND(4294967295-$M142,$L142)),IF($B143<48,_xlfn.BITXOR(_xlfn.BITXOR($K142,$L142),$M142),_xlfn.BITXOR($L142,_xlfn.BITOR($K142,4294967295-$M142))))) -> 437093517 | H143: =MOD($G143+$J142+$C143+$F143,4294967296) -> 1551723248 | I143: =MOD($H143,2^(32-$D143))*2^$D143+INT($H143/2^(32-$D143)) -> 3588274426 | J143: =$M142 -> 428704845 | K143: =MOD($K142+$I143,4294967296) -> 829434810 | L143: =$K142 -> 1536127680 | M143: =$L142 -> 2584543407
A144: 3 | B144: 11 | C144: =INDEX(Sheet2!$B$2:$B$65,$B144+1) -> 2304563134 | D144: =INDEX(Sheet2!$C$2:$C$65,$B144+1) -> 22 | E144: =INDEX(Sheet2!$D$2:$D$65,$B144+1) -> 11 | F144: =INDEX(Sheet3!$AY$2:$BN$11,$A144,$E144+1) -> 0 | G144: =IF($B144<16,_xlfn.BITOR(_xlfn.BITAND($K143,$L143),_xlfn.BITAND(4294967295-$K143,$M143)),IF($B144<32,_xlfn.BITOR(_xlfn.BITAND($M143,$K143),_xlfn.BITAND(4294967295-$M143,$L143)),IF($B144<48,_xlfn.BITXOR(_xlfn.BITXOR($K143,$L143),$M143),_xlfn.BITXOR($L143,_xlfn.BITOR($K143,4294967295-$M143))))) -> 2601329285 | H144: =MOD($G144+$J143+$C144+$F144,4294967296) -> 1039629968 | I144: =MOD($H144,2^(32-$D144))*2^$D144+INT($H144/2^(32-$D144)) -> 2752478687 | J144: =$M143 -> 2584543407 | K144: =MOD($K143+$I144,4294967296) -> 3581913497 | L144: =$K143 -> 829434810 | M144: =$L143 -> 1536127680
... A196: 3 | B196: 63 | C196: =INDEX(Sheet2!$B$2:$B$65,$B196+1) -> 3951481745 | D196: =INDEX(Sheet2!$C$2:$C$65,$B196+1) -> 21 | E196: =INDEX(Sheet2!$D$2:$D$65,$B196+1) -> 9 | F196: =INDEX(Sheet3!$AY$2:$BN$11,$A196,$E196+1) -> 0 | G196: =IF($B196<16,_xlfn.BITOR(_xlfn.BITAND($K195,$L195),_xlfn.BITAND(4294967295-$K195,$M195)),IF($B196<32,_xlfn.BITOR(_xlfn.BITAND($M195,$K195),_xlfn.BITAND(4294967295-$M195,$L195)),IF($B196<48,_xlfn.BITXOR(_xlfn.BITXOR($K195,$L195),$M195),_xlfn.BITXOR($L195,_xlfn.BITOR($K195,4294967295-$M195))))) -> 3558522954 | H196: =MOD($G196+$J195+$C196+$F196,4294967296) -> 604636471 | I196: =MOD($H196,2^(32-$D196))*2^$D196+INT($H196/2^(32-$D196)) -> 2799993152 | J196: =$M195 -> 1132013481 | K196: =MOD($K195+$I196,4294967296) -> 3554754472 | L196: =$K195 -> 754761320 | M196: =$L195 -> 1759788596
A197: 4 | B197: -1 | J197: 1732584193 | K197: 4023233417 | L197: 2562383102 | M197: 271733878
A198: 4 | B198: 0 | C198: =INDEX(Sheet2!$B$2:$B$65,$B198+1) -> 3614090360 | D198: =INDEX(Sheet2!$C$2:$C$65,$B198+1) -> 7 | E198: =INDEX(Sheet2!$D$2:$D$65,$B198+1) -> 0 | F198: =INDEX(Sheet3!$AY$2:$BN$11,$A198,$E198+1) -> 1701654643 | G198: =IF($B198<16,_xlfn.BITOR(_xlfn.BITAND($K197,$L197),_xlfn.BITAND(4294967295-$K197,$M197)),IF($B198<32,_xlfn.BITOR(_xlfn.BITAND($M197,$K197),_xlfn.BITAND(4294967295-$M197,$L197)),IF($B198<48,_xlfn.BITXOR(_xlfn.BITXOR($K197,$L197),$M197),_xlfn.BITXOR($L197,_xlfn.BITOR($K197,4294967295-$M197))))) -> 2562383102 | H198: =MOD($G198+$J197+$C198+$F198,4294967296) -> 1020777706 | I198: =MOD($H198,2^(32-$D198))*2^$D198+INT($H198/2^(32-$D198)) -> 1810527518 | J198: =$M197 -> 271733878 | K198: =MOD($K197+$I198,4294967296) -> 1538793639 | L198: =$K197 -> 4023233417 | M198: =$L197 -> 2562383102
A199: 4 | B199: 1 | C199: =INDEX(Sheet2!$B$2:$B$65,$B199+1) -> 3905402710 | D199: =INDEX(Sheet2!$C$2:$C$65,$B199+1) -> 12 | E199: =INDEX(Sheet2!$D$2:$D$65,$B199+1) -> 1 | F199: =INDEX(Sheet3!$AY$2:$BN$11,$A199,$E199+1) -> 862876511 | G199: =IF($B199<16,_xlfn.BITOR(_xlfn.BITAND($K198,$L198),_xlfn.BITAND(4294967295-$K198,$M198)),IF($B199<32,_xlfn.BITOR(_xlfn.BITAND($M198,$K198),_xlfn.BITAND(4294967295-$M198,$L198)),IF($B199<48,_xlfn.BITXOR(_xlfn.BITXOR($K198,$L198),$M198),_xlfn.BITXOR($L198,_xlfn.BITOR($K198,4294967295-$M198))))) -> 3414883545 | H199: =MOD($G199+$J198+$C199+$F199,4294967296) -> 4159929348 | I199: =MOD($H199,2^(32-$D199))*2^$D199+INT($H199/2^(32-$D199)) -> 935350143 | J199: =$M198 -> 2562383102 | K199: =MOD($K198+$I199,4294967296) -> 2474143782 | L199: =$K198 -> 1538793639 | M199: =$L198 -> 4023233417
A200: 4 | B200: 2 | C200: =INDEX(Sheet2!$B$2:$B$65,$B200+1) -> 606105819 | D200: =INDEX(Sheet2!$C$2:$C$65,$B200+1) -> 17 | E200: =INDEX(Sheet2!$D$2:$D$65,$B200+1) -> 2 | F200: =INDEX(Sheet3!$AY$2:$BN$11,$A200,$E200+1) -> 1601792820 | G200: =IF($B200<16,_xlfn.BITOR(_xlfn.BITAND($K199,$L199),_xlfn.BITAND(4294967295-$K199,$M199)),IF($B200<32,_xlfn.BITOR(_xlfn.BITAND($M199,$K199),_xlfn.BITAND(4294967295-$M199,$L199)),IF($B200<48,_xlfn.BITXOR(_xlfn.BITXOR($K199,$L199),$M199),_xlfn.BITXOR($L199,_xlfn.BITOR($K199,4294967295-$M199))))) -> 2143136687 | H200: =MOD($G200+$J199+$C200+$F200,4294967296) -> 2618451132 | I200: =MOD($H200,2^(32-$D200))*2^$D200+INT($H200/2^(32-$D200)) -> 3380164644 | J200: =$M199 -> 4023233417 | K200: =MOD($K199+$I200,4294967296) -> 1559341130 | L200: =$K199 -> 2474143782 | M200: =$L199 -> 1538793639
A201: 4 | B201: 3 | C201: =INDEX(Sheet2!$B$2:$B$65,$B201+1) -> 3250441966 | D201: =INDEX(Sheet2!$C$2:$C$65,$B201+1) -> 22 | E201: =INDEX(Sheet2!$D$2:$D$65,$B201+1) -> 3 | F201: =INDEX(Sheet3!$AY$2:$BN$11,$A201,$E201+1) -> 1953248371 | G201: =IF($B201<16,_xlfn.BITOR(_xlfn.BITAND($K200,$L200),_xlfn.BITAND(4294967295-$K200,$M200)),IF($B201<32,_xlfn.BITOR(_xlfn.BITAND($M200,$K200),_xlfn.BITAND(4294967295-$M200,$L200)),IF($B201<48,_xlfn.BITXOR(_xlfn.BITXOR($K200,$L200),$M200),_xlfn.BITXOR($L200,_xlfn.BITOR($K200,4294967295-$M200))))) -> 326639783 | H201: =MOD($G201+$J200+$C201+$F201,4294967296) -> 963628945 | I201: =MOD($H201,2^(32-$D201))*2^$D201+INT($H201/2^(32-$D201)) -> 3830340595 | J201: =$M200 -> 1538793639 | K201: =MOD($K200+$I201,4294967296) -> 1094714429 | L201: =$K200 -> 1559341130 | M201: =$L200 -> 2474143782
A202: 4 | B202: 4 | C202: =INDEX(Sheet2!$B$2:$B$65,$B202+1) -> 4118548399 | D202: =INDEX(Sheet2!$C$2:$C$65,$B202+1) -> 7 | E202: =INDEX(Sheet2!$D$2:$D$65,$B202+1) -> 4 | F202: =INDEX(Sheet3!$AY$2:$BN$11,$A202,$E202+1) -> 2151628607 | G202: =IF($B202<16,_xlfn.BITOR(_xlfn.BITAND($K201,$L201),_xlfn.BITAND(4294967295-$K201,$M201)),IF($B202<32,_xlfn.BITOR(_xlfn.BITAND($M201,$K201),_xlfn.BITAND(4294967295-$M201,$L201)),IF($B202<48,_xlfn.BITXOR(_xlfn.BITXOR($K201,$L201),$M201),_xlfn.BITXOR($L201,_xlfn.BITOR($K201,4294967295-$M201))))) -> 3531108362 | H202: =MOD($G202+$J201+$C202+$F202,4294967296) -> 2750144415 | I202: =MOD($H202,2^(32-$D202))*2^$D202+INT($H202/2^(32-$D202)) -> 4126134225 | J202: =$M201 -> 2474143782 | K202: =MOD($K201+$I202,4294967296) -> 925881358 | L202: =$K201 -> 1094714429 | M202: =$L201 -> 1559341130
A203: 4 | B203: 5 | C203: =INDEX(Sheet2!$B$2:$B$65,$B203+1) -> 1200080426 | D203: =INDEX(Sheet2!$C$2:$C$65,$B203+1) -> 12 | E203: =INDEX(Sheet2!$D$2:$D$65,$B203+1) -> 5 | F203: =INDEX(Sheet3!$AY$2:$BN$11,$A203,$E203+1) -> 0 | G203: =IF($B203<16,_xlfn.BITOR(_xlfn.BITAND($K202,$L202),_xlfn.BITAND(4294967295-$K202,$M202)),IF($B203<32,_xlfn.BITOR(_xlfn.BITAND($M202,$K202),_xlfn.BITAND(4294967295-$M202,$L202)),IF($B203<48,_xlfn.BITXOR(_xlfn.BITXOR($K202,$L202),$M202),_xlfn.BITXOR($L202,_xlfn.BITOR($K202,4294967295-$M202))))) -> 1238379596 | H203: =MOD($G203+$J202+$C203+$F203,4294967296) -> 617636508 | I203: =MOD($H203,2^(32-$D203))*2^$D203+INT($H203/2^(32-$D203)) -> 103400013 | J203: =$M202 -> 1559341130 | K203: =MOD($K202+$I203,4294967296) -> 1029281371 | L203: =$K202 -> 925881358 | M203: =$L202 -> 1094714429
A204: 4 | B204: 6 | C204: =INDEX(Sheet2!$B$2:$B$65,$B204+1) -> 2821735955 | D204: =INDEX(Sheet2!$C$2:$C$65,$B204+1) -> 17 | E204: =INDEX(Sheet2!$D$2:$D$65,$B204+1) -> 6 | F204: =INDEX(Sheet3!$AY$2:$BN$11,$A204,$E204+1) -> 0 | G204: =IF($B204<16,_xlfn.BITOR(_xlfn.BITAND($K203,$L203),_xlfn.BITAND(4294967295-$K203,$M203)),IF($B204<32,_xlfn.BITOR(_xlfn.BITAND($M203,$K203),_xlfn.BITAND(4294967295-$M203,$L203)),IF($B204<48,_xlfn.BITXOR(_xlfn.BITXOR($K203,$L203),$M203),_xlfn.BITXOR($L203,_xlfn.BITOR($K203,4294967295-$M203))))) -> 1963562030 | H204: =MOD($G204+$J203+$C204+$F204,4294967296) -> 2049671819 | I204: =MOD($H204,2^(32-$D204))*2^$D204+INT($H204/2^(32-$D204)) -> 85390423 | J204: =$M203 -> 1094714429 | K204: =MOD($K203+$I204,4294967296) -> 1114671794 | L204: =$K203 -> 1029281371 | M204: =$L203 -> 925881358
A205: 4 | B205: 7 | C205: =INDEX(Sheet2!$B$2:$B$65,$B205+1) -> 4249261313 | D205: =INDEX(Sheet2!$C$2:$C$65,$B205+1) -> 22 | E205: =INDEX(Sheet2!$D$2:$D$65,$B205+1) -> 7 | F205: =INDEX(Sheet3!$AY$2:$BN$11,$A205,$E205+1) -> 0 | G205: =IF($B205<16,_xlfn.BITOR(_xlfn.BITAND($K204,$L204),_xlfn.BITAND(4294967295-$K204,$M204)),IF($B205<32,_xlfn.BITOR(_xlfn.BITAND($M204,$K204),_xlfn.BITAND(4294967295-$M204,$L204)),IF($B205<48,_xlfn.BITXOR(_xlfn.BITXOR($K204,$L204),$M204),_xlfn.BITXOR($L204,_xlfn.BITOR($K204,4294967295-$M204))))) -> 895473182 | H205: =MOD($G205+$J204+$C205+$F205,4294967296) -> 1944481628 | I205: =MOD($H205,2^(32-$D205))*2^$D205+INT($H205/2^(32-$D205)) -> 3609000347 | J205: =$M204 -> 925881358 | K205: =MOD($K204+$I205,4294967296) -> 428704845 | L205: =$K204 -> 1114671794 | M205: =$L204 -> 1029281371
A206: 4 | B206: 8 | C206: =INDEX(Sheet2!$B$2:$B$65,$B206+1) -> 1770035416 | D206: =INDEX(Sheet2!$C$2:$C$65,$B206+1) -> 7 | E206: =INDEX(Sheet2!$D$2:$D$65,$B206+1) -> 8 | F206: =INDEX(Sheet3!$AY$2:$BN$11,$A206,$E206+1) -> 0 | G206: =IF($B206<16,_xlfn.BITOR(_xlfn.BITAND($K205,$L205),_xlfn.BITAND(4294967295-$K205,$M205)),IF($B206<32,_xlfn.BITOR(_xlfn.BITAND($M205,$K205),_xlfn.BITAND(4294967295-$M205,$L205)),IF($B206<48,_xlfn.BITXOR(_xlfn.BITXOR($K205,$L205),$M205),_xlfn.BITXOR($L205,_xlfn.BITOR($K205,4294967295-$M205))))) -> 609260050 | H206: =MOD($G206+$J205+$C206+$F206,4294967296) -> 3305176824 | I206: =MOD($H206,2^(32-$D206))*2^$D206+INT($H206/2^(32-$D206)) -> 2155838562 | J206: =$M205 -> 1029281371 | K206: =MOD($K205+$I206,4294967296) -> 2584543407 | L206: =$K205 -> 428704845 | M206: =$L205 -> 1114671794
A207: 4 | B207: 9 | C207: =INDEX(Sheet2!$B$2:$B$65,$B207+1) -> 2336552879 | D207: =INDEX(Sheet2!$C$2:$C$65,$B207+1) -> 12 | E207: =INDEX(Sheet2!$D$2:$D$65,$B207+1) -> 9 | F207: =INDEX(Sheet3!$AY$2:$BN$11,$A207,$E207+1) -> 0 | G207: =IF($B207<16,_xlfn.BITOR(_xlfn.BITAND($K206,$L206),_xlfn.BITAND(4294967295-$K206,$M206)),IF($B207<32,_xlfn.BITOR(_xlfn.BITAND($M206,$K206),_xlfn.BITAND(4294967295-$M206,$L206)),IF($B207<48,_xlfn.BITXOR(_xlfn.BITXOR($K206,$L206),$M206),_xlfn.BITXOR($L206,_xlfn.BITOR($K206,4294967295-$M206))))) -> 1484622365 | H207: =MOD($G207+$J206+$C207+$F207,4294967296) -> 555489319 | I207: =MOD($H207,2^(32-$D207))*2^$D207+INT($H207/2^(32-$D207)) -> 3246551569 | J207: =$M206 -> 1114671794 | K207: =MOD($K206+$I207,4294967296) -> 1536127680 | L207: =$K206 -> 2584543407 | M207: =$L206 -> 428704845
A208: 4 | B208: 10 | C208: =INDEX(Sheet2!$B$2:$B$65,$B208+1) -> 4294925233 | D208: =INDEX(Sheet2!$C$2:$C$65,$B208+1) -> 17 | E208: =INDEX(Sheet2!$D$2:$D$65,$B208+1) -> 10 | F208: =INDEX(Sheet3!$AY$2:$BN$11,$A208,$E208+1) -> 0 | G208: =IF($B208<16,_xlfn.BITOR(_xlfn.BITAND($K207,$L207),_xlfn.BITAND(4294967295-$K207,$M207)),IF($B208<32,_xlfn.BITOR(_xlfn.BITAND($M207,$K207),_xlfn.BITAND(4294967295-$M207,$L207)),IF($B208<48,_xlfn.BITXOR(_xlfn.BITXOR($K207,$L207),$M207),_xlfn.BITXOR($L207,_xlfn.BITOR($K207,4294967295-$M207))))) -> 437093517 | H208: =MOD($G208+$J207+$C208+$F208,4294967296) -> 1551723248 | I208: =MOD($H208,2^(32-$D208))*2^$D208+INT($H208/2^(32-$D208)) -> 3588274426 | J208: =$M207 -> 428704845 | K208: =MOD($K207+$I208,4294967296) -> 829434810 | L208: =$K207 -> 1536127680 | M208: =$L207 -> 2584543407
A209: 4 | B209: 11 | C209: =INDEX(Sheet2!$B$2:$B$65,$B209+1) -> 2304563134 | D209: =INDEX(Sheet2!$C$2:$C$65,$B209+1) -> 22 | E209: =INDEX(Sheet2!$D$2:$D$65,$B209+1) -> 11 | F209: =INDEX(Sheet3!$AY$2:$BN$11,$A209,$E209+1) -> 0 | G209: =IF($B209<16,_xlfn.BITOR(_xlfn.BITAND($K208,$L208),_xlfn.BITAND(4294967295-$K208,$M208)),IF($B209<32,_xlfn.BITOR(_xlfn.BITAND($M208,$K208),_xlfn.BITAND(4294967295-$M208,$L208)),IF($B209<48,_xlfn.BITXOR(_xlfn.BITXOR($K208,$L208),$M208),_xlfn.BITXOR($L208,_xlfn.BITOR($K208,4294967295-$M208))))) -> 2601329285 | H209: =MOD($G209+$J208+$C209+$F209,4294967296) -> 1039629968 | I209: =MOD($H209,2^(32-$D209))*2^$D209+INT($H209/2^(32-$D209)) -> 2752478687 | J209: =$M208 -> 2584543407 | K209: =MOD($K208+$I209,4294967296) -> 3581913497 | L209: =$K208 -> 829434810 | M209: =$L208 -> 1536127680
... A261: 4 | B261: 63 | C261: =INDEX(Sheet2!$B$2:$B$65,$B261+1) -> 3951481745 | D261: =INDEX(Sheet2!$C$2:$C$65,$B261+1) -> 21 | E261: =INDEX(Sheet2!$D$2:$D$65,$B261+1) -> 9 | F261: =INDEX(Sheet3!$AY$2:$BN$11,$A261,$E261+1) -> 0 | G261: =IF($B261<16,_xlfn.BITOR(_xlfn.BITAND($K260,$L260),_xlfn.BITAND(4294967295-$K260,$M260)),IF($B261<32,_xlfn.BITOR(_xlfn.BITAND($M260,$K260),_xlfn.BITAND(4294967295-$M260,$L260)),IF($B261<48,_xlfn.BITXOR(_xlfn.BITXOR($K260,$L260),$M260),_xlfn.BITXOR($L260,_xlfn.BITOR($K260,4294967295-$M260))))) -> 3558522954 | H261: =MOD($G261+$J260+$C261+$F261,4294967296) -> 604636471 | I261: =MOD($H261,2^(32-$D261))*2^$D261+INT($H261/2^(32-$D261)) -> 2799993152 | J261: =$M260 -> 1132013481 | K261: =MOD($K260+$I261,4294967296) -> 3554754472 | L261: =$K260 -> 754761320 | M261: =$L260 -> 1759788596
A262: 5 | B262: -1 | J262: 1732584193 | K262: 4023233417 | L262: 2562383102 | M262: 271733878
A263: 5 | B263: 0 | C263: =INDEX(Sheet2!$B$2:$B$65,$B263+1) -> 3614090360 | D263: =INDEX(Sheet2!$C$2:$C$65,$B263+1) -> 7 | E263: =INDEX(Sheet2!$D$2:$D$65,$B263+1) -> 0 | F263: =INDEX(Sheet3!$AY$2:$BN$11,$A263,$E263+1) -> 1701654643 | G263: =IF($B263<16,_xlfn.BITOR(_xlfn.BITAND($K262,$L262),_xlfn.BITAND(4294967295-$K262,$M262)),IF($B263<32,_xlfn.BITOR(_xlfn.BITAND($M262,$K262),_xlfn.BITAND(4294967295-$M262,$L262)),IF($B263<48,_xlfn.BITXOR(_xlfn.BITXOR($K262,$L262),$M262),_xlfn.BITXOR($L262,_xlfn.BITOR($K262,4294967295-$M262))))) -> 2562383102 | H263: =MOD($G263+$J262+$C263+$F263,4294967296) -> 1020777706 | I263: =MOD($H263,2^(32-$D263))*2^$D263+INT($H263/2^(32-$D263)) -> 1810527518 | J263: =$M262 -> 271733878 | K263: =MOD($K262+$I263,4294967296) -> 1538793639 | L263: =$K262 -> 4023233417 | M263: =$L262 -> 2562383102
A264: 5 | B264: 1 | C264: =INDEX(Sheet2!$B$2:$B$65,$B264+1) -> 3905402710 | D264: =INDEX(Sheet2!$C$2:$C$65,$B264+1) -> 12 | E264: =INDEX(Sheet2!$D$2:$D$65,$B264+1) -> 1 | F264: =INDEX(Sheet3!$AY$2:$BN$11,$A264,$E264+1) -> 862876511 | G264: =IF($B264<16,_xlfn.BITOR(_xlfn.BITAND($K263,$L263),_xlfn.BITAND(4294967295-$K263,$M263)),IF($B264<32,_xlfn.BITOR(_xlfn.BITAND($M263,$K263),_xlfn.BITAND(4294967295-$M263,$L263)),IF($B264<48,_xlfn.BITXOR(_xlfn.BITXOR($K263,$L263),$M263),_xlfn.BITXOR($L263,_xlfn.BITOR($K263,4294967295-$M263))))) -> 3414883545 | H264: =MOD($G264+$J263+$C264+$F264,4294967296) -> 4159929348 | I264: =MOD($H264,2^(32-$D264))*2^$D264+INT($H264/2^(32-$D264)) -> 935350143 | J264: =$M263 -> 2562383102 | K264: =MOD($K263+$I264,4294967296) -> 2474143782 | L264: =$K263 -> 1538793639 | M264: =$L263 -> 4023233417
A265: 5 | B265: 2 | C265: =INDEX(Sheet2!$B$2:$B$65,$B265+1) -> 606105819 | D265: =INDEX(Sheet2!$C$2:$C$65,$B265+1) -> 17 | E265: =INDEX(Sheet2!$D$2:$D$65,$B265+1) -> 2 | F265: =INDEX(Sheet3!$AY$2:$BN$11,$A265,$E265+1) -> 1601792820 | G265: =IF($B265<16,_xlfn.BITOR(_xlfn.BITAND($K264,$L264),_xlfn.BITAND(4294967295-$K264,$M264)),IF($B265<32,_xlfn.BITOR(_xlfn.BITAND($M264,$K264),_xlfn.BITAND(4294967295-$M264,$L264)),IF($B265<48,_xlfn.BITXOR(_xlfn.BITXOR($K264,$L264),$M264),_xlfn.BITXOR($L264,_xlfn.BITOR($K264,4294967295-$M264))))) -> 2143136687 | H265: =MOD($G265+$J264+$C265+$F265,4294967296) -> 2618451132 | I265: =MOD($H265,2^(32-$D265))*2^$D265+INT($H265/2^(32-$D265)) -> 3380164644 | J265: =$M264 -> 4023233417 | K265: =MOD($K264+$I265,4294967296) -> 1559341130 | L265: =$K264 -> 2474143782 | M265: =$L264 -> 1538793639
A266: 5 | B266: 3 | C266: =INDEX(Sheet2!$B$2:$B$65,$B266+1) -> 3250441966 | D266: =INDEX(Sheet2!$C$2:$C$65,$B266+1) -> 22 | E266: =INDEX(Sheet2!$D$2:$D$65,$B266+1) -> 3 | F266: =INDEX(Sheet3!$AY$2:$BN$11,$A266,$E266+1) -> 1953248371 | G266: =IF($B266<16,_xlfn.BITOR(_xlfn.BITAND($K265,$L265),_xlfn.BITAND(4294967295-$K265,$M265)),IF($B266<32,_xlfn.BITOR(_xlfn.BITAND($M265,$K265),_xlfn.BITAND(4294967295-$M265,$L265)),IF($B266<48,_xlfn.BITXOR(_xlfn.BITXOR($K265,$L265),$M265),_xlfn.BITXOR($L265,_xlfn.BITOR($K265,4294967295-$M265))))) -> 326639783 | H266: =MOD($G266+$J265+$C266+$F266,4294967296) -> 963628945 | I266: =MOD($H266,2^(32-$D266))*2^$D266+INT($H266/2^(32-$D266)) -> 3830340595 | J266: =$M265 -> 1538793639 | K266: =MOD($K265+$I266,4294967296) -> 1094714429 | L266: =$K265 -> 1559341130 | M266: =$L265 -> 2474143782
A267: 5 | B267: 4 | C267: =INDEX(Sheet2!$B$2:$B$65,$B267+1) -> 4118548399 | D267: =INDEX(Sheet2!$C$2:$C$65,$B267+1) -> 7 | E267: =INDEX(Sheet2!$D$2:$D$65,$B267+1) -> 4 | F267: =INDEX(Sheet3!$AY$2:$BN$11,$A267,$E267+1) -> 2151628607 | G267: =IF($B267<16,_xlfn.BITOR(_xlfn.BITAND($K266,$L266),_xlfn.BITAND(4294967295-$K266,$M266)),IF($B267<32,_xlfn.BITOR(_xlfn.BITAND($M266,$K266),_xlfn.BITAND(4294967295-$M266,$L266)),IF($B267<48,_xlfn.BITXOR(_xlfn.BITXOR($K266,$L266),$M266),_xlfn.BITXOR($L266,_xlfn.BITOR($K266,4294967295-$M266))))) -> 3531108362 | H267: =MOD($G267+$J266+$C267+$F267,4294967296) -> 2750144415 | I267: =MOD($H267,2^(32-$D267))*2^$D267+INT($H267/2^(32-$D267)) -> 4126134225 | J267: =$M266 -> 2474143782 | K267: =MOD($K266+$I267,4294967296) -> 925881358 | L267: =$K266 -> 1094714429 | M267: =$L266 -> 1559341130
A268: 5 | B268: 5 | C268: =INDEX(Sheet2!$B$2:$B$65,$B268+1) -> 1200080426 | D268: =INDEX(Sheet2!$C$2:$C$65,$B268+1) -> 12 | E268: =INDEX(Sheet2!$D$2:$D$65,$B268+1) -> 5 | F268: =INDEX(Sheet3!$AY$2:$BN$11,$A268,$E268+1) -> 0 | G268: =IF($B268<16,_xlfn.BITOR(_xlfn.BITAND($K267,$L267),_xlfn.BITAND(4294967295-$K267,$M267)),IF($B268<32,_xlfn.BITOR(_xlfn.BITAND($M267,$K267),_xlfn.BITAND(4294967295-$M267,$L267)),IF($B268<48,_xlfn.BITXOR(_xlfn.BITXOR($K267,$L267),$M267),_xlfn.BITXOR($L267,_xlfn.BITOR($K267,4294967295-$M267))))) -> 1238379596 | H268: =MOD($G268+$J267+$C268+$F268,4294967296) -> 617636508 | I268: =MOD($H268,2^(32-$D268))*2^$D268+INT($H268/2^(32-$D268)) -> 103400013 | J268: =$M267 -> 1559341130 | K268: =MOD($K267+$I268,4294967296) -> 1029281371 | L268: =$K267 -> 925881358 | M268: =$L267 -> 1094714429
A269: 5 | B269: 6 | C269: =INDEX(Sheet2!$B$2:$B$65,$B269+1) -> 2821735955 | D269: =INDEX(Sheet2!$C$2:$C$65,$B269+1) -> 17 | E269: =INDEX(Sheet2!$D$2:$D$65,$B269+1) -> 6 | F269: =INDEX(Sheet3!$AY$2:$BN$11,$A269,$E269+1) -> 0 | G269: =IF($B269<16,_xlfn.BITOR(_xlfn.BITAND($K268,$L268),_xlfn.BITAND(4294967295-$K268,$M268)),IF($B269<32,_xlfn.BITOR(_xlfn.BITAND($M268,$K268),_xlfn.BITAND(4294967295-$M268,$L268)),IF($B269<48,_xlfn.BITXOR(_xlfn.BITXOR($K268,$L268),$M268),_xlfn.BITXOR($L268,_xlfn.BITOR($K268,4294967295-$M268))))) -> 1963562030 | H269: =MOD($G269+$J268+$C269+$F269,4294967296) -> 2049671819 | I269: =MOD($H269,2^(32-$D269))*2^$D269+INT($H269/2^(32-$D269)) -> 85390423 | J269: =$M268 -> 1094714429 | K269: =MOD($K268+$I269,4294967296) -> 1114671794 | L269: =$K268 -> 1029281371 | M269: =$L268 -> 925881358
A270: 5 | B270: 7 | C270: =INDEX(Sheet2!$B$2:$B$65,$B270+1) -> 4249261313 | D270: =INDEX(Sheet2!$C$2:$C$65,$B270+1) -> 22 | E270: =INDEX(Sheet2!$D$2:$D$65,$B270+1) -> 7 | F270: =INDEX(Sheet3!$AY$2:$BN$11,$A270,$E270+1) -> 0 | G270: =IF($B270<16,_xlfn.BITOR(_xlfn.BITAND($K269,$L269),_xlfn.BITAND(4294967295-$K269,$M269)),IF($B270<32,_xlfn.BITOR(_xlfn.BITAND($M269,$K269),_xlfn.BITAND(4294967295-$M269,$L269)),IF($B270<48,_xlfn.BITXOR(_xlfn.BITXOR($K269,$L269),$M269),_xlfn.BITXOR($L269,_xlfn.BITOR($K269,4294967295-$M269))))) -> 895473182 | H270: =MOD($G270+$J269+$C270+$F270,4294967296) -> 1944481628 | I270: =MOD($H270,2^(32-$D270))*2^$D270+INT($H270/2^(32-$D270)) -> 3609000347 | J270: =$M269 -> 925881358 | K270: =MOD($K269+$I270,4294967296) -> 428704845 | L270: =$K269 -> 1114671794 | M270: =$L269 -> 1029281371
A271: 5 | B271: 8 | C271: =INDEX(Sheet2!$B$2:$B$65,$B271+1) -> 1770035416 | D271: =INDEX(Sheet2!$C$2:$C$65,$B271+1) -> 7 | E271: =INDEX(Sheet2!$D$2:$D$65,$B271+1) -> 8 | F271: =INDEX(Sheet3!$AY$2:$BN$11,$A271,$E271+1) -> 0 | G271: =IF($B271<16,_xlfn.BITOR(_xlfn.BITAND($K270,$L270),_xlfn.BITAND(4294967295-$K270,$M270)),IF($B271<32,_xlfn.BITOR(_xlfn.BITAND($M270,$K270),_xlfn.BITAND(4294967295-$M270,$L270)),IF($B271<48,_xlfn.BITXOR(_xlfn.BITXOR($K270,$L270),$M270),_xlfn.BITXOR($L270,_xlfn.BITOR($K270,4294967295-$M270))))) -> 609260050 | H271: =MOD($G271+$J270+$C271+$F271,4294967296) -> 3305176824 | I271: =MOD($H271,2^(32-$D271))*2^$D271+INT($H271/2^(32-$D271)) -> 2155838562 | J271: =$M270 -> 1029281371 | K271: =MOD($K270+$I271,4294967296) -> 2584543407 | L271: =$K270 -> 428704845 | M271: =$L270 -> 1114671794
A272: 5 | B272: 9 | C272: =INDEX(Sheet2!$B$2:$B$65,$B272+1) -> 2336552879 | D272: =INDEX(Sheet2!$C$2:$C$65,$B272+1) -> 12 | E272: =INDEX(Sheet2!$D$2:$D$65,$B272+1) -> 9 | F272: =INDEX(Sheet3!$AY$2:$BN$11,$A272,$E272+1) -> 0 | G272: =IF($B272<16,_xlfn.BITOR(_xlfn.BITAND($K271,$L271),_xlfn.BITAND(4294967295-$K271,$M271)),IF($B272<32,_xlfn.BITOR(_xlfn.BITAND($M271,$K271),_xlfn.BITAND(4294967295-$M271,$L271)),IF($B272<48,_xlfn.BITXOR(_xlfn.BITXOR($K271,$L271),$M271),_xlfn.BITXOR($L271,_xlfn.BITOR($K271,4294967295-$M271))))) -> 1484622365 | H272: =MOD($G272+$J271+$C272+$F272,4294967296) -> 555489319 | I272: =MOD($H272,2^(32-$D272))*2^$D272+INT($H272/2^(32-$D272)) -> 3246551569 | J272: =$M271 -> 1114671794 | K272: =MOD($K271+$I272,4294967296) -> 1536127680 | L272: =$K271 -> 2584543407 | M272: =$L271 -> 428704845
A273: 5 | B273: 10 | C273: =INDEX(Sheet2!$B$2:$B$65,$B273+1) -> 4294925233 | D273: =INDEX(Sheet2!$C$2:$C$65,$B273+1) -> 17 | E273: =INDEX(Sheet2!$D$2:$D$65,$B273+1) -> 10 | F273: =INDEX(Sheet3!$AY$2:$BN$11,$A273,$E273+1) -> 0 | G273: =IF($B273<16,_xlfn.BITOR(_xlfn.BITAND($K272,$L272),_xlfn.BITAND(4294967295-$K272,$M272)),IF($B273<32,_xlfn.BITOR(_xlfn.BITAND($M272,$K272),_xlfn.BITAND(4294967295-$M272,$L272)),IF($B273<48,_xlfn.BITXOR(_xlfn.BITXOR($K272,$L272),$M272),_xlfn.BITXOR($L272,_xlfn.BITOR($K272,4294967295-$M272))))) -> 437093517 | H273: =MOD($G273+$J272+$C273+$F273,4294967296) -> 1551723248 | I273: =MOD($H273,2^(32-$D273))*2^$D273+INT($H273/2^(32-$D273)) -> 3588274426 | J273: =$M272 -> 428704845 | K273: =MOD($K272+$I273,4294967296) -> 829434810 | L273: =$K272 -> 1536127680 | M273: =$L272 -> 2584543407
A274: 5 | B274: 11 | C274: =INDEX(Sheet2!$B$2:$B$65,$B274+1) -> 2304563134 | D274: =INDEX(Sheet2!$C$2:$C$65,$B274+1) -> 22 | E274: =INDEX(Sheet2!$D$2:$D$65,$B274+1) -> 11 | F274: =INDEX(Sheet3!$AY$2:$BN$11,$A274,$E274+1) -> 0 | G274: =IF($B274<16,_xlfn.BITOR(_xlfn.BITAND($K273,$L273),_xlfn.BITAND(4294967295-$K273,$M273)),IF($B274<32,_xlfn.BITOR(_xlfn.BITAND($M273,$K273),_xlfn.BITAND(4294967295-$M273,$L273)),IF($B274<48,_xlfn.BITXOR(_xlfn.BITXOR($K273,$L273),$M273),_xlfn.BITXOR($L273,_xlfn.BITOR($K273,4294967295-$M273))))) -> 2601329285 | H274: =MOD($G274+$J273+$C274+$F274,4294967296) -> 1039629968 | I274: =MOD($H274,2^(32-$D274))*2^$D274+INT($H274/2^(32-$D274)) -> 2752478687 | J274: =$M273 -> 2584543407 | K274: =MOD($K273+$I274,4294967296) -> 3581913497 | L274: =$K273 -> 829434810 | M274: =$L273 -> 1536127680
... A326: 5 | B326: 63 | C326: =INDEX(Sheet2!$B$2:$B$65,$B326+1) -> 3951481745 | D326: =INDEX(Sheet2!$C$2:$C$65,$B326+1) -> 21 | E326: =INDEX(Sheet2!$D$2:$D$65,$B326+1) -> 9 | F326: =INDEX(Sheet3!$AY$2:$BN$11,$A326,$E326+1) -> 0 | G326: =IF($B326<16,_xlfn.BITOR(_xlfn.BITAND($K325,$L325),_xlfn.BITAND(4294967295-$K325,$M325)),IF($B326<32,_xlfn.BITOR(_xlfn.BITAND($M325,$K325),_xlfn.BITAND(4294967295-$M325,$L325)),IF($B326<48,_xlfn.BITXOR(_xlfn.BITXOR($K325,$L325),$M325),_xlfn.BITXOR($L325,_xlfn.BITOR($K325,4294967295-$M325))))) -> 3558522954 | H326: =MOD($G326+$J325+$C326+$F326,4294967296) -> 604636471 | I326: =MOD($H326,2^(32-$D326))*2^$D326+INT($H326/2^(32-$D326)) -> 2799993152 | J326: =$M325 -> 1132013481 | K326: =MOD($K325+$I326,4294967296) -> 3554754472 | L326: =$K325 -> 754761320 | M326: =$L325 -> 1759788596
A327: 6 | B327: -1 | J327: 1732584193 | K327: 4023233417 | L327: 2562383102 | M327: 271733878
A328: 6 | B328: 0 | C328: =INDEX(Sheet2!$B$2:$B$65,$B328+1) -> 3614090360 | D328: =INDEX(Sheet2!$C$2:$C$65,$B328+1) -> 7 | E328: =INDEX(Sheet2!$D$2:$D$65,$B328+1) -> 0 | F328: =INDEX(Sheet3!$AY$2:$BN$11,$A328,$E328+1) -> 1701654643 | G328: =IF($B328<16,_xlfn.BITOR(_xlfn.BITAND($K327,$L327),_xlfn.BITAND(4294967295-$K327,$M327)),IF($B328<32,_xlfn.BITOR(_xlfn.BITAND($M327,$K327),_xlfn.BITAND(4294967295-$M327,$L327)),IF($B328<48,_xlfn.BITXOR(_xlfn.BITXOR($K327,$L327),$M327),_xlfn.BITXOR($L327,_xlfn.BITOR($K327,4294967295-$M327))))) -> 2562383102 | H328: =MOD($G328+$J327+$C328+$F328,4294967296) -> 1020777706 | I328: =MOD($H328,2^(32-$D328))*2^$D328+INT($H328/2^(32-$D328)) -> 1810527518 | J328: =$M327 -> 271733878 | K328: =MOD($K327+$I328,4294967296) -> 1538793639 | L328: =$K327 -> 4023233417 | M328: =$L327 -> 2562383102
A329: 6 | B329: 1 | C329: =INDEX(Sheet2!$B$2:$B$65,$B329+1) -> 3905402710 | D329: =INDEX(Sheet2!$C$2:$C$65,$B329+1) -> 12 | E329: =INDEX(Sheet2!$D$2:$D$65,$B329+1) -> 1 | F329: =INDEX(Sheet3!$AY$2:$BN$11,$A329,$E329+1) -> 862876511 | G329: =IF($B329<16,_xlfn.BITOR(_xlfn.BITAND($K328,$L328),_xlfn.BITAND(4294967295-$K328,$M328)),IF($B329<32,_xlfn.BITOR(_xlfn.BITAND($M328,$K328),_xlfn.BITAND(4294967295-$M328,$L328)),IF($B329<48,_xlfn.BITXOR(_xlfn.BITXOR($K328,$L328),$M328),_xlfn.BITXOR($L328,_xlfn.BITOR($K328,4294967295-$M328))))) -> 3414883545 | H329: =MOD($G329+$J328+$C329+$F329,4294967296) -> 4159929348 | I329: =MOD($H329,2^(32-$D329))*2^$D329+INT($H329/2^(32-$D329)) -> 935350143 | J329: =$M328 -> 2562383102 | K329: =MOD($K328+$I329,4294967296) -> 2474143782 | L329: =$K328 -> 1538793639 | M329: =$L328 -> 4023233417
A330: 6 | B330: 2 | C330: =INDEX(Sheet2!$B$2:$B$65,$B330+1) -> 606105819 | D330: =INDEX(Sheet2!$C$2:$C$65,$B330+1) -> 17 | E330: =INDEX(Sheet2!$D$2:$D$65,$B330+1) -> 2 | F330: =INDEX(Sheet3!$AY$2:$BN$11,$A330,$E330+1) -> 1601792820 | G330: =IF($B330<16,_xlfn.BITOR(_xlfn.BITAND($K329,$L329),_xlfn.BITAND(4294967295-$K329,$M329)),IF($B330<32,_xlfn.BITOR(_xlfn.BITAND($M329,$K329),_xlfn.BITAND(4294967295-$M329,$L329)),IF($B330<48,_xlfn.BITXOR(_xlfn.BITXOR($K329,$L329),$M329),_xlfn.BITXOR($L329,_xlfn.BITOR($K329,4294967295-$M329))))) -> 2143136687 | H330: =MOD($G330+$J329+$C330+$F330,4294967296) -> 2618451132 | I330: =MOD($H330,2^(32-$D330))*2^$D330+INT($H330/2^(32-$D330)) -> 3380164644 | J330: =$M329 -> 4023233417 | K330: =MOD($K329+$I330,4294967296) -> 1559341130 | L330: =$K329 -> 2474143782 | M330: =$L329 -> 1538793639
A331: 6 | B331: 3 | C331: =INDEX(Sheet2!$B$2:$B$65,$B331+1) -> 3250441966 | D331: =INDEX(Sheet2!$C$2:$C$65,$B331+1) -> 22 | E331: =INDEX(Sheet2!$D$2:$D$65,$B331+1) -> 3 | F331: =INDEX(Sheet3!$AY$2:$BN$11,$A331,$E331+1) -> 1953248371 | G331: =IF($B331<16,_xlfn.BITOR(_xlfn.BITAND($K330,$L330),_xlfn.BITAND(4294967295-$K330,$M330)),IF($B331<32,_xlfn.BITOR(_xlfn.BITAND($M330,$K330),_xlfn.BITAND(4294967295-$M330,$L330)),IF($B331<48,_xlfn.BITXOR(_xlfn.BITXOR($K330,$L330),$M330),_xlfn.BITXOR($L330,_xlfn.BITOR($K330,4294967295-$M330))))) -> 326639783 | H331: =MOD($G331+$J330+$C331+$F331,4294967296) -> 963628945 | I331: =MOD($H331,2^(32-$D331))*2^$D331+INT($H331/2^(32-$D331)) -> 3830340595 | J331: =$M330 -> 1538793639 | K331: =MOD($K330+$I331,4294967296) -> 1094714429 | L331: =$K330 -> 1559341130 | M331: =$L330 -> 2474143782
A332: 6 | B332: 4 | C332: =INDEX(Sheet2!$B$2:$B$65,$B332+1) -> 4118548399 | D332: =INDEX(Sheet2!$C$2:$C$65,$B332+1) -> 7 | E332: =INDEX(Sheet2!$D$2:$D$65,$B332+1) -> 4 | F332: =INDEX(Sheet3!$AY$2:$BN$11,$A332,$E332+1) -> 2151628607 | G332: =IF($B332<16,_xlfn.BITOR(_xlfn.BITAND($K331,$L331),_xlfn.BITAND(4294967295-$K331,$M331)),IF($B332<32,_xlfn.BITOR(_xlfn.BITAND($M331,$K331),_xlfn.BITAND(4294967295-$M331,$L331)),IF($B332<48,_xlfn.BITXOR(_xlfn.BITXOR($K331,$L331),$M331),_xlfn.BITXOR($L331,_xlfn.BITOR($K331,4294967295-$M331))))) -> 3531108362 | H332: =MOD($G332+$J331+$C332+$F332,4294967296) -> 2750144415 | I332: =MOD($H332,2^(32-$D332))*2^$D332+INT($H332/2^(32-$D332)) -> 4126134225 | J332: =$M331 -> 2474143782 | K332: =MOD($K331+$I332,4294967296) -> 925881358 | L332: =$K331 -> 1094714429 | M332: =$L331 -> 1559341130
A333: 6 | B333: 5 | C333: =INDEX(Sheet2!$B$2:$B$65,$B333+1) -> 1200080426 | D333: =INDEX(Sheet2!$C$2:$C$65,$B333+1) -> 12 | E333: =INDEX(Sheet2!$D$2:$D$65,$B333+1) -> 5 | F333: =INDEX(Sheet3!$AY$2:$BN$11,$A333,$E333+1) -> 0 | G333: =IF($B333<16,_xlfn.BITOR(_xlfn.BITAND($K332,$L332),_xlfn.BITAND(4294967295-$K332,$M332)),IF($B333<32,_xlfn.BITOR(_xlfn.BITAND($M332,$K332),_xlfn.BITAND(4294967295-$M332,$L332)),IF($B333<48,_xlfn.BITXOR(_xlfn.BITXOR($K332,$L332),$M332),_xlfn.BITXOR($L332,_xlfn.BITOR($K332,4294967295-$M332))))) -> 1238379596 | H333: =MOD($G333+$J332+$C333+$F333,4294967296) -> 617636508 | I333: =MOD($H333,2^(32-$D333))*2^$D333+INT($H333/2^(32-$D333)) -> 103400013 | J333: =$M332 -> 1559341130 | K333: =MOD($K332+$I333,4294967296) -> 1029281371 | L333: =$K332 -> 925881358 | M333: =$L332 -> 1094714429
A334: 6 | B334: 6 | C334: =INDEX(Sheet2!$B$2:$B$65,$B334+1) -> 2821735955 | D334: =INDEX(Sheet2!$C$2:$C$65,$B334+1) -> 17 | E334: =INDEX(Sheet2!$D$2:$D$65,$B334+1) -> 6 | F334: =INDEX(Sheet3!$AY$2:$BN$11,$A334,$E334+1) -> 0 | G334: =IF($B334<16,_xlfn.BITOR(_xlfn.BITAND($K333,$L333),_xlfn.BITAND(4294967295-$K333,$M333)),IF($B334<32,_xlfn.BITOR(_xlfn.BITAND($M333,$K333),_xlfn.BITAND(4294967295-$M333,$L333)),IF($B334<48,_xlfn.BITXOR(_xlfn.BITXOR($K333,$L333),$M333),_xlfn.BITXOR($L333,_xlfn.BITOR($K333,4294967295-$M333))))) -> 1963562030 | H334: =MOD($G334+$J333+$C334+$F334,4294967296) -> 2049671819 | I334: =MOD($H334,2^(32-$D334))*2^$D334+INT($H334/2^(32-$D334)) -> 85390423 | J334: =$M333 -> 1094714429 | K334: =MOD($K333+$I334,4294967296) -> 1114671794 | L334: =$K333 -> 1029281371 | M334: =$L333 -> 925881358
A335: 6 | B335: 7 | C335: =INDEX(Sheet2!$B$2:$B$65,$B335+1) -> 4249261313 | D335: =INDEX(Sheet2!$C$2:$C$65,$B335+1) -> 22 | E335: =INDEX(Sheet2!$D$2:$D$65,$B335+1) -> 7 | F335: =INDEX(Sheet3!$AY$2:$BN$11,$A335,$E335+1) -> 0 | G335: =IF($B335<16,_xlfn.BITOR(_xlfn.BITAND($K334,$L334),_xlfn.BITAND(4294967295-$K334,$M334)),IF($B335<32,_xlfn.BITOR(_xlfn.BITAND($M334,$K334),_xlfn.BITAND(4294967295-$M334,$L334)),IF($B335<48,_xlfn.BITXOR(_xlfn.BITXOR($K334,$L334),$M334),_xlfn.BITXOR($L334,_xlfn.BITOR($K334,4294967295-$M334))))) -> 895473182 | H335: =MOD($G335+$J334+$C335+$F335,4294967296) -> 1944481628 | I335: =MOD($H335,2^(32-$D335))*2^$D335+INT($H335/2^(32-$D335)) -> 3609000347 | J335: =$M334 -> 925881358 | K335: =MOD($K334+$I335,4294967296) -> 428704845 | L335: =$K334 -> 1114671794 | M335: =$L334 -> 1029281371
A336: 6 | B336: 8 | C336: =INDEX(Sheet2!$B$2:$B$65,$B336+1) -> 1770035416 | D336: =INDEX(Sheet2!$C$2:$C$65,$B336+1) -> 7 | E336: =INDEX(Sheet2!$D$2:$D$65,$B336+1) -> 8 | F336: =INDEX(Sheet3!$AY$2:$BN$11,$A336,$E336+1) -> 0 | G336: =IF($B336<16,_xlfn.BITOR(_xlfn.BITAND($K335,$L335),_xlfn.BITAND(4294967295-$K335,$M335)),IF($B336<32,_xlfn.BITOR(_xlfn.BITAND($M335,$K335),_xlfn.BITAND(4294967295-$M335,$L335)),IF($B336<48,_xlfn.BITXOR(_xlfn.BITXOR($K335,$L335),$M335),_xlfn.BITXOR($L335,_xlfn.BITOR($K335,4294967295-$M335))))) -> 609260050 | H336: =MOD($G336+$J335+$C336+$F336,4294967296) -> 3305176824 | I336: =MOD($H336,2^(32-$D336))*2^$D336+INT($H336/2^(32-$D336)) -> 2155838562 | J336: =$M335 -> 1029281371 | K336: =MOD($K335+$I336,4294967296) -> 2584543407 | L336: =$K335 -> 428704845 | M336: =$L335 -> 1114671794
A337: 6 | B337: 9 | C337: =INDEX(Sheet2!$B$2:$B$65,$B337+1) -> 2336552879 | D337: =INDEX(Sheet2!$C$2:$C$65,$B337+1) -> 12 | E337: =INDEX(Sheet2!$D$2:$D$65,$B337+1) -> 9 | F337: =INDEX(Sheet3!$AY$2:$BN$11,$A337,$E337+1) -> 0 | G337: =IF($B337<16,_xlfn.BITOR(_xlfn.BITAND($K336,$L336),_xlfn.BITAND(4294967295-$K336,$M336)),IF($B337<32,_xlfn.BITOR(_xlfn.BITAND($M336,$K336),_xlfn.BITAND(4294967295-$M336,$L336)),IF($B337<48,_xlfn.BITXOR(_xlfn.BITXOR($K336,$L336),$M336),_xlfn.BITXOR($L336,_xlfn.BITOR($K336,4294967295-$M336))))) -> 1484622365 | H337: =MOD($G337+$J336+$C337+$F337,4294967296) -> 555489319 | I337: =MOD($H337,2^(32-$D337))*2^$D337+INT($H337/2^(32-$D337)) -> 3246551569 | J337: =$M336 -> 1114671794 | K337: =MOD($K336+$I337,4294967296) -> 1536127680 | L337: =$K336 -> 2584543407 | M337: =$L336 -> 428704845
A338: 6 | B338: 10 | C338: =INDEX(Sheet2!$B$2:$B$65,$B338+1) -> 4294925233 | D338: =INDEX(Sheet2!$C$2:$C$65,$B338+1) -> 17 | E338: =INDEX(Sheet2!$D$2:$D$65,$B338+1) -> 10 | F338: =INDEX(Sheet3!$AY$2:$BN$11,$A338,$E338+1) -> 0 | G338: =IF($B338<16,_xlfn.BITOR(_xlfn.BITAND($K337,$L337),_xlfn.BITAND(4294967295-$K337,$M337)),IF($B338<32,_xlfn.BITOR(_xlfn.BITAND($M337,$K337),_xlfn.BITAND(4294967295-$M337,$L337)),IF($B338<48,_xlfn.BITXOR(_xlfn.BITXOR($K337,$L337),$M337),_xlfn.BITXOR($L337,_xlfn.BITOR($K337,4294967295-$M337))))) -> 437093517 | H338: =MOD($G338+$J337+$C338+$F338,4294967296) -> 1551723248 | I338: =MOD($H338,2^(32-$D338))*2^$D338+INT($H338/2^(32-$D338)) -> 3588274426 | J338: =$M337 -> 428704845 | K338: =MOD($K337+$I338,4294967296) -> 829434810 | L338: =$K337 -> 1536127680 | M338: =$L337 -> 2584543407
A339: 6 | B339: 11 | C339: =INDEX(Sheet2!$B$2:$B$65,$B339+1) -> 2304563134 | D339: =INDEX(Sheet2!$C$2:$C$65,$B339+1) -> 22 | E339: =INDEX(Sheet2!$D$2:$D$65,$B339+1) -> 11 | F339: =INDEX(Sheet3!$AY$2:$BN$11,$A339,$E339+1) -> 0 | G339: =IF($B339<16,_xlfn.BITOR(_xlfn.BITAND($K338,$L338),_xlfn.BITAND(4294967295-$K338,$M338)),IF($B339<32,_xlfn.BITOR(_xlfn.BITAND($M338,$K338),_xlfn.BITAND(4294967295-$M338,$L338)),IF($B339<48,_xlfn.BITXOR(_xlfn.BITXOR($K338,$L338),$M338),_xlfn.BITXOR($L338,_xlfn.BITOR($K338,4294967295-$M338))))) -> 2601329285 | H339: =MOD($G339+$J338+$C339+$F339,4294967296) -> 1039629968 | I339: =MOD($H339,2^(32-$D339))*2^$D339+INT($H339/2^(32-$D339)) -> 2752478687 | J339: =$M338 -> 2584543407 | K339: =MOD($K338+$I339,4294967296) -> 3581913497 | L339: =$K338 -> 829434810 | M339: =$L338 -> 1536127680
... A391: 6 | B391: 63 | C391: =INDEX(Sheet2!$B$2:$B$65,$B391+1) -> 3951481745 | D391: =INDEX(Sheet2!$C$2:$C$65,$B391+1) -> 21 | E391: =INDEX(Sheet2!$D$2:$D$65,$B391+1) -> 9 | F391: =INDEX(Sheet3!$AY$2:$BN$11,$A391,$E391+1) -> 0 | G391: =IF($B391<16,_xlfn.BITOR(_xlfn.BITAND($K390,$L390),_xlfn.BITAND(4294967295-$K390,$M390)),IF($B391<32,_xlfn.BITOR(_xlfn.BITAND($M390,$K390),_xlfn.BITAND(4294967295-$M390,$L390)),IF($B391<48,_xlfn.BITXOR(_xlfn.BITXOR($K390,$L390),$M390),_xlfn.BITXOR($L390,_xlfn.BITOR($K390,4294967295-$M390))))) -> 3558522954 | H391: =MOD($G391+$J390+$C391+$F391,4294967296) -> 604636471 | I391: =MOD($H391,2^(32-$D391))*2^$D391+INT($H391/2^(32-$D391)) -> 2799993152 | J391: =$M390 -> 1132013481 | K391: =MOD($K390+$I391,4294967296) -> 3554754472 | L391: =$K390 -> 754761320 | M391: =$L390 -> 1759788596
A392: 7 | B392: -1 | J392: 1732584193 | K392: 4023233417 | L392: 2562383102 | M392: 271733878
A393: 7 | B393: 0 | C393: =INDEX(Sheet2!$B$2:$B$65,$B393+1) -> 3614090360 | D393: =INDEX(Sheet2!$C$2:$C$65,$B393+1) -> 7 | E393: =INDEX(Sheet2!$D$2:$D$65,$B393+1) -> 0 | F393: =INDEX(Sheet3!$AY$2:$BN$11,$A393,$E393+1) -> 1701654643 | G393: =IF($B393<16,_xlfn.BITOR(_xlfn.BITAND($K392,$L392),_xlfn.BITAND(4294967295-$K392,$M392)),IF($B393<32,_xlfn.BITOR(_xlfn.BITAND($M392,$K392),_xlfn.BITAND(4294967295-$M392,$L392)),IF($B393<48,_xlfn.BITXOR(_xlfn.BITXOR($K392,$L392),$M392),_xlfn.BITXOR($L392,_xlfn.BITOR($K392,4294967295-$M392))))) -> 2562383102 | H393: =MOD($G393+$J392+$C393+$F393,4294967296) -> 1020777706 | I393: =MOD($H393,2^(32-$D393))*2^$D393+INT($H393/2^(32-$D393)) -> 1810527518 | J393: =$M392 -> 271733878 | K393: =MOD($K392+$I393,4294967296) -> 1538793639 | L393: =$K392 -> 4023233417 | M393: =$L392 -> 2562383102
A394: 7 | B394: 1 | C394: =INDEX(Sheet2!$B$2:$B$65,$B394+1) -> 3905402710 | D394: =INDEX(Sheet2!$C$2:$C$65,$B394+1) -> 12 | E394: =INDEX(Sheet2!$D$2:$D$65,$B394+1) -> 1 | F394: =INDEX(Sheet3!$AY$2:$BN$11,$A394,$E394+1) -> 862876511 | G394: =IF($B394<16,_xlfn.BITOR(_xlfn.BITAND($K393,$L393),_xlfn.BITAND(4294967295-$K393,$M393)),IF($B394<32,_xlfn.BITOR(_xlfn.BITAND($M393,$K393),_xlfn.BITAND(4294967295-$M393,$L393)),IF($B394<48,_xlfn.BITXOR(_xlfn.BITXOR($K393,$L393),$M393),_xlfn.BITXOR($L393,_xlfn.BITOR($K393,4294967295-$M393))))) -> 3414883545 | H394: =MOD($G394+$J393+$C394+$F394,4294967296) -> 4159929348 | I394: =MOD($H394,2^(32-$D394))*2^$D394+INT($H394/2^(32-$D394)) -> 935350143 | J394: =$M393 -> 2562383102 | K394: =MOD($K393+$I394,4294967296) -> 2474143782 | L394: =$K393 -> 1538793639 | M394: =$L393 -> 4023233417
A395: 7 | B395: 2 | C395: =INDEX(Sheet2!$B$2:$B$65,$B395+1) -> 606105819 | D395: =INDEX(Sheet2!$C$2:$C$65,$B395+1) -> 17 | E395: =INDEX(Sheet2!$D$2:$D$65,$B395+1) -> 2 | F395: =INDEX(Sheet3!$AY$2:$BN$11,$A395,$E395+1) -> 1601792820 | G395: =IF($B395<16,_xlfn.BITOR(_xlfn.BITAND($K394,$L394),_xlfn.BITAND(4294967295-$K394,$M394)),IF($B395<32,_xlfn.BITOR(_xlfn.BITAND($M394,$K394),_xlfn.BITAND(4294967295-$M394,$L394)),IF($B395<48,_xlfn.BITXOR(_xlfn.BITXOR($K394,$L394),$M394),_xlfn.BITXOR($L394,_xlfn.BITOR($K394,4294967295-$M394))))) -> 2143136687 | H395: =MOD($G395+$J394+$C395+$F395,4294967296) -> 2618451132 | I395: =MOD($H395,2^(32-$D395))*2^$D395+INT($H395/2^(32-$D395)) -> 3380164644 | J395: =$M394 -> 4023233417 | K395: =MOD($K394+$I395,4294967296) -> 1559341130 | L395: =$K394 -> 2474143782 | M395: =$L394 -> 1538793639
A396: 7 | B396: 3 | C396: =INDEX(Sheet2!$B$2:$B$65,$B396+1) -> 3250441966 | D396: =INDEX(Sheet2!$C$2:$C$65,$B396+1) -> 22 | E396: =INDEX(Sheet2!$D$2:$D$65,$B396+1) -> 3 | F396: =INDEX(Sheet3!$AY$2:$BN$11,$A396,$E396+1) -> 1953248371 | G396: =IF($B396<16,_xlfn.BITOR(_xlfn.BITAND($K395,$L395),_xlfn.BITAND(4294967295-$K395,$M395)),IF($B396<32,_xlfn.BITOR(_xlfn.BITAND($M395,$K395),_xlfn.BITAND(4294967295-$M395,$L395)),IF($B396<48,_xlfn.BITXOR(_xlfn.BITXOR($K395,$L395),$M395),_xlfn.BITXOR($L395,_xlfn.BITOR($K395,4294967295-$M395))))) -> 326639783 | H396: =MOD($G396+$J395+$C396+$F396,4294967296) -> 963628945 | I396: =MOD($H396,2^(32-$D396))*2^$D396+INT($H396/2^(32-$D396)) -> 3830340595 | J396: =$M395 -> 1538793639 | K396: =MOD($K395+$I396,4294967296) -> 1094714429 | L396: =$K395 -> 1559341130 | M396: =$L395 -> 2474143782
A397: 7 | B397: 4 | C397: =INDEX(Sheet2!$B$2:$B$65,$B397+1) -> 4118548399 | D397: =INDEX(Sheet2!$C$2:$C$65,$B397+1) -> 7 | E397: =INDEX(Sheet2!$D$2:$D$65,$B397+1) -> 4 | F397: =INDEX(Sheet3!$AY$2:$BN$11,$A397,$E397+1) -> 2151628607 | G397: =IF($B397<16,_xlfn.BITOR(_xlfn.BITAND($K396,$L396),_xlfn.BITAND(4294967295-$K396,$M396)),IF($B397<32,_xlfn.BITOR(_xlfn.BITAND($M396,$K396),_xlfn.BITAND(4294967295-$M396,$L396)),IF($B397<48,_xlfn.BITXOR(_xlfn.BITXOR($K396,$L396),$M396),_xlfn.BITXOR($L396,_xlfn.BITOR($K396,4294967295-$M396))))) -> 3531108362 | H397: =MOD($G397+$J396+$C397+$F397,4294967296) -> 2750144415 | I397: =MOD($H397,2^(32-$D397))*2^$D397+INT($H397/2^(32-$D397)) -> 4126134225 | J397: =$M396 -> 2474143782 | K397: =MOD($K396+$I397,4294967296) -> 925881358 | L397: =$K396 -> 1094714429 | M397: =$L396 -> 1559341130
A398: 7 | B398: 5 | C398: =INDEX(Sheet2!$B$2:$B$65,$B398+1) -> 1200080426 | D398: =INDEX(Sheet2!$C$2:$C$65,$B398+1) -> 12 | E398: =INDEX(Sheet2!$D$2:$D$65,$B398+1) -> 5 | F398: =INDEX(Sheet3!$AY$2:$BN$11,$A398,$E398+1) -> 0 | G398: =IF($B398<16,_xlfn.BITOR(_xlfn.BITAND($K397,$L397),_xlfn.BITAND(4294967295-$K397,$M397)),IF($B398<32,_xlfn.BITOR(_xlfn.BITAND($M397,$K397),_xlfn.BITAND(4294967295-$M397,$L397)),IF($B398<48,_xlfn.BITXOR(_xlfn.BITXOR($K397,$L397),$M397),_xlfn.BITXOR($L397,_xlfn.BITOR($K397,4294967295-$M397))))) -> 1238379596 | H398: =MOD($G398+$J397+$C398+$F398,4294967296) -> 617636508 | I398: =MOD($H398,2^(32-$D398))*2^$D398+INT($H398/2^(32-$D398)) -> 103400013 | J398: =$M397 -> 1559341130 | K398: =MOD($K397+$I398,4294967296) -> 1029281371 | L398: =$K397 -> 925881358 | M398: =$L397 -> 1094714429
A399: 7 | B399: 6 | C399: =INDEX(Sheet2!$B$2:$B$65,$B399+1) -> 2821735955 | D399: =INDEX(Sheet2!$C$2:$C$65,$B399+1) -> 17 | E399: =INDEX(Sheet2!$D$2:$D$65,$B399+1) -> 6 | F399: =INDEX(Sheet3!$AY$2:$BN$11,$A399,$E399+1) -> 0 | G399: =IF($B399<16,_xlfn.BITOR(_xlfn.BITAND($K398,$L398),_xlfn.BITAND(4294967295-$K398,$M398)),IF($B399<32,_xlfn.BITOR(_xlfn.BITAND($M398,$K398),_xlfn.BITAND(4294967295-$M398,$L398)),IF($B399<48,_xlfn.BITXOR(_xlfn.BITXOR($K398,$L398),$M398),_xlfn.BITXOR($L398,_xlfn.BITOR($K398,4294967295-$M398))))) -> 1963562030 | H399: =MOD($G399+$J398+$C399+$F399,4294967296) -> 2049671819 | I399: =MOD($H399,2^(32-$D399))*2^$D399+INT($H399/2^(32-$D399)) -> 85390423 | J399: =$M398 -> 1094714429 | K399: =MOD($K398+$I399,4294967296) -> 1114671794 | L399: =$K398 -> 1029281371 | M399: =$L398 -> 925881358
A400: 7 | B400: 7 | C400: =INDEX(Sheet2!$B$2:$B$65,$B400+1) -> 4249261313 | D400: =INDEX(Sheet2!$C$2:$C$65,$B400+1) -> 22 | E400: =INDEX(Sheet2!$D$2:$D$65,$B400+1) -> 7 | F400: =INDEX(Sheet3!$AY$2:$BN$11,$A400,$E400+1) -> 0 | G400: =IF($B400<16,_xlfn.BITOR(_xlfn.BITAND($K399,$L399),_xlfn.BITAND(4294967295-$K399,$M399)),IF($B400<32,_xlfn.BITOR(_xlfn.BITAND($M399,$K399),_xlfn.BITAND(4294967295-$M399,$L399)),IF($B400<48,_xlfn.BITXOR(_xlfn.BITXOR($K399,$L399),$M399),_xlfn.BITXOR($L399,_xlfn.BITOR($K399,4294967295-$M399))))) -> 895473182 | H400: =MOD($G400+$J399+$C400+$F400,4294967296) -> 1944481628 | I400: =MOD($H400,2^(32-$D400))*2^$D400+INT($H400/2^(32-$D400)) -> 3609000347 | J400: =$M399 -> 925881358 | K400: =MOD($K399+$I400,4294967296) -> 428704845 | L400: =$K399 -> 1114671794 | M400: =$L399 -> 1029281371
A401: 7 | B401: 8 | C401: =INDEX(Sheet2!$B$2:$B$65,$B401+1) -> 1770035416 | D401: =INDEX(Sheet2!$C$2:$C$65,$B401+1) -> 7 | E401: =INDEX(Sheet2!$D$2:$D$65,$B401+1) -> 8 | F401: =INDEX(Sheet3!$AY$2:$BN$11,$A401,$E401+1) -> 0 | G401: =IF($B401<16,_xlfn.BITOR(_xlfn.BITAND($K400,$L400),_xlfn.BITAND(4294967295-$K400,$M400)),IF($B401<32,_xlfn.BITOR(_xlfn.BITAND($M400,$K400),_xlfn.BITAND(4294967295-$M400,$L400)),IF($B401<48,_xlfn.BITXOR(_xlfn.BITXOR($K400,$L400),$M400),_xlfn.BITXOR($L400,_xlfn.BITOR($K400,4294967295-$M400))))) -> 609260050 | H401: =MOD($G401+$J400+$C401+$F401,4294967296) -> 3305176824 | I401: =MOD($H401,2^(32-$D401))*2^$D401+INT($H401/2^(32-$D401)) -> 2155838562 | J401: =$M400 -> 1029281371 | K401: =MOD($K400+$I401,4294967296) -> 2584543407 | L401: =$K400 -> 428704845 | M401: =$L400 -> 1114671794
A402: 7 | B402: 9 | C402: =INDEX(Sheet2!$B$2:$B$65,$B402+1) -> 2336552879 | D402: =INDEX(Sheet2!$C$2:$C$65,$B402+1) -> 12 | E402: =INDEX(Sheet2!$D$2:$D$65,$B402+1) -> 9 | F402: =INDEX(Sheet3!$AY$2:$BN$11,$A402,$E402+1) -> 0 | G402: =IF($B402<16,_xlfn.BITOR(_xlfn.BITAND($K401,$L401),_xlfn.BITAND(4294967295-$K401,$M401)),IF($B402<32,_xlfn.BITOR(_xlfn.BITAND($M401,$K401),_xlfn.BITAND(4294967295-$M401,$L401)),IF($B402<48,_xlfn.BITXOR(_xlfn.BITXOR($K401,$L401),$M401),_xlfn.BITXOR($L401,_xlfn.BITOR($K401,4294967295-$M401))))) -> 1484622365 | H402: =MOD($G402+$J401+$C402+$F402,4294967296) -> 555489319 | I402: =MOD($H402,2^(32-$D402))*2^$D402+INT($H402/2^(32-$D402)) -> 3246551569 | J402: =$M401 -> 1114671794 | K402: =MOD($K401+$I402,4294967296) -> 1536127680 | L402: =$K401 -> 2584543407 | M402: =$L401 -> 428704845
A403: 7 | B403: 10 | C403: =INDEX(Sheet2!$B$2:$B$65,$B403+1) -> 4294925233 | D403: =INDEX(Sheet2!$C$2:$C$65,$B403+1) -> 17 | E403: =INDEX(Sheet2!$D$2:$D$65,$B403+1) -> 10 | F403: =INDEX(Sheet3!$AY$2:$BN$11,$A403,$E403+1) -> 0 | G403: =IF($B403<16,_xlfn.BITOR(_xlfn.BITAND($K402,$L402),_xlfn.BITAND(4294967295-$K402,$M402)),IF($B403<32,_xlfn.BITOR(_xlfn.BITAND($M402,$K402),_xlfn.BITAND(4294967295-$M402,$L402)),IF($B403<48,_xlfn.BITXOR(_xlfn.BITXOR($K402,$L402),$M402),_xlfn.BITXOR($L402,_xlfn.BITOR($K402,4294967295-$M402))))) -> 437093517 | H403: =MOD($G403+$J402+$C403+$F403,4294967296) -> 1551723248 | I403: =MOD($H403,2^(32-$D403))*2^$D403+INT($H403/2^(32-$D403)) -> 3588274426 | J403: =$M402 -> 428704845 | K403: =MOD($K402+$I403,4294967296) -> 829434810 | L403: =$K402 -> 1536127680 | M403: =$L402 -> 2584543407
A404: 7 | B404: 11 | C404: =INDEX(Sheet2!$B$2:$B$65,$B404+1) -> 2304563134 | D404: =INDEX(Sheet2!$C$2:$C$65,$B404+1) -> 22 | E404: =INDEX(Sheet2!$D$2:$D$65,$B404+1) -> 11 | F404: =INDEX(Sheet3!$AY$2:$BN$11,$A404,$E404+1) -> 0 | G404: =IF($B404<16,_xlfn.BITOR(_xlfn.BITAND($K403,$L403),_xlfn.BITAND(4294967295-$K403,$M403)),IF($B404<32,_xlfn.BITOR(_xlfn.BITAND($M403,$K403),_xlfn.BITAND(4294967295-$M403,$L403)),IF($B404<48,_xlfn.BITXOR(_xlfn.BITXOR($K403,$L403),$M403),_xlfn.BITXOR($L403,_xlfn.BITOR($K403,4294967295-$M403))))) -> 2601329285 | H404: =MOD($G404+$J403+$C404+$F404,4294967296) -> 1039629968 | I404: =MOD($H404,2^(32-$D404))*2^$D404+INT($H404/2^(32-$D404)) -> 2752478687 | J404: =$M403 -> 2584543407 | K404: =MOD($K403+$I404,4294967296) -> 3581913497 | L404: =$K403 -> 829434810 | M404: =$L403 -> 1536127680
... A456: 7 | B456: 63 | C456: =INDEX(Sheet2!$B$2:$B$65,$B456+1) -> 3951481745 | D456: =INDEX(Sheet2!$C$2:$C$65,$B456+1) -> 21 | E456: =INDEX(Sheet2!$D$2:$D$65,$B456+1) -> 9 | F456: =INDEX(Sheet3!$AY$2:$BN$11,$A456,$E456+1) -> 0 | G456: =IF($B456<16,_xlfn.BITOR(_xlfn.BITAND($K455,$L455),_xlfn.BITAND(4294967295-$K455,$M455)),IF($B456<32,_xlfn.BITOR(_xlfn.BITAND($M455,$K455),_xlfn.BITAND(4294967295-$M455,$L455)),IF($B456<48,_xlfn.BITXOR(_xlfn.BITXOR($K455,$L455),$M455),_xlfn.BITXOR($L455,_xlfn.BITOR($K455,4294967295-$M455))))) -> 3558522954 | H456: =MOD($G456+$J455+$C456+$F456,4294967296) -> 604636471 | I456: =MOD($H456,2^(32-$D456))*2^$D456+INT($H456/2^(32-$D456)) -> 2799993152 | J456: =$M455 -> 1132013481 | K456: =MOD($K455+$I456,4294967296) -> 3554754472 | L456: =$K455 -> 754761320 | M456: =$L455 -> 1759788596
A457: 8 | B457: -1 | J457: 1732584193 | K457: 4023233417 | L457: 2562383102 | M457: 271733878
...
